-- MySQL dump 10.18  Distrib 10.3.27-MariaDB, for debian-linux-gnu (x86_64)
--
-- Host: localhost    Database: conchiglie
-- ------------------------------------------------------
-- Server version	10.3.27-MariaDB-0+deb10u1

/*!40101 SET @OLD_CHARACTER_SET_CLIENT=@@CHARACTER_SET_CLIENT */;
/*!40101 SET @OLD_CHARACTER_SET_RESULTS=@@CHARACTER_SET_RESULTS */;
/*!40101 SET @OLD_COLLATION_CONNECTION=@@COLLATION_CONNECTION */;
/*!40101 SET NAMES utf8mb4 */;
/*!40103 SET @OLD_TIME_ZONE=@@TIME_ZONE */;
/*!40103 SET TIME_ZONE='+00:00' */;
/*!40014 SET @OLD_UNIQUE_CHECKS=@@UNIQUE_CHECKS, UNIQUE_CHECKS=0 */;
/*!40014 SET @OLD_FOREIGN_KEY_CHECKS=@@FOREIGN_KEY_CHECKS, FOREIGN_KEY_CHECKS=0 */;
/*!40101 SET @OLD_SQL_MODE=@@SQL_MODE, SQL_MODE='NO_AUTO_VALUE_ON_ZERO' */;
/*!40111 SET @OLD_SQL_NOTES=@@SQL_NOTES, SQL_NOTES=0 */;

--
-- Table structure for table `esemplare`
--

DROP TABLE IF EXISTS `esemplare`;
/*!40101 SET @saved_cs_client     = @@character_set_client */;
/*!40101 SET character_set_client = utf8 */;
CREATE TABLE `esemplare` (
  `id` int(10) unsigned NOT NULL AUTO_INCREMENT,
  `data_ritrovamento` date NOT NULL,
  `luogo_ritrovamento` varchar(50) NOT NULL,
  `stato_ritrovamento` enum('vivo','morto') NOT NULL,
  `condizioni_ritrovamento` text DEFAULT NULL,
  `note` text DEFAULT NULL,
  `foto` mediumblob DEFAULT NULL,
  `specie_id` int(10) unsigned NOT NULL,
  PRIMARY KEY (`id`),
  KEY `specie_id` (`specie_id`),
  CONSTRAINT `esemplare_ibfk_1` FOREIGN KEY (`specie_id`) REFERENCES `specie` (`id`)
) ENGINE=InnoDB AUTO_INCREMENT=13 DEFAULT CHARSET=utf8mb4;
/*!40101 SET character_set_client = @saved_cs_client */;

--
-- Dumping data for table `esemplare`
--

LOCK TABLES `esemplare` WRITE;
/*!40000 ALTER TABLE `esemplare` DISABLE KEYS */;
/*!40000 ALTER TABLE `esemplare` ENABLE KEYS */;
UNLOCK TABLES;

--
-- Table structure for table `famiglia`
--

DROP TABLE IF EXISTS `famiglia`;
/*!40101 SET @saved_cs_client     = @@character_set_client */;
/*!40101 SET character_set_client = utf8 */;
CREATE TABLE `famiglia` (
  `nome` varchar(50) NOT NULL,
  `codice` varchar(2) NOT NULL,
  `genere_id` int(10) unsigned NOT NULL,
  `id` int(10) unsigned NOT NULL AUTO_INCREMENT,
  PRIMARY KEY (`id`),
  UNIQUE KEY `nome` (`nome`),
  UNIQUE KEY `codice` (`codice`),
  KEY `genere_id` (`genere_id`),
  CONSTRAINT `famiglia_ibfk_1` FOREIGN KEY (`genere_id`) REFERENCES `genere` (`id`)
) ENGINE=InnoDB AUTO_INCREMENT=538 DEFAULT CHARSET=utf8mb4;
/*!40101 SET character_set_client = @saved_cs_client */;

--
-- Dumping data for table `famiglia`
--

LOCK TABLES `famiglia` WRITE;
/*!40000 ALTER TABLE `famiglia` DISABLE KEYS */;
INSERT INTO `famiglia` VALUES ('PATELLIDAE','AA',54,225),('NACELLIDAE','AB',54,226),('ACMAEIDAE','AC',54,227),('LEPETIDAE','AD',54,228),('COCCULINIDAE','AE',54,229),('LEPETELLIDAE','AF',54,230),('ADDISONIIDAE','AG',54,231),('BATHYSCIADIIDAE','AH',54,232),('CHORISTELLIDAE','AI',54,233),('PSEUDOCCULINIDAE','AJ',54,234),('NERITIDAE','AK',54,235),('FISSURELLIDAE','AL',54,236),('SCISSURELLIDAE','AM',54,237),('HALIOTIDAE','AN',54,238),('TROCHIDAE','AO',54,239),('PENDROMIDAE','AP',54,240),('SKENEIDAE','AQ',54,241),('TURBINIDAE','AR',54,242),('COLLONIIDAE','AS',54,243),('TRICOLIIDAE','AT',54,244),('CERITHIIDAE','AU',54,245),('DIALIDAE','AV',54,246),('FOSSARIDAE','AW',54,247),('LITIOPIDAE','AX',54,248),('OBTORTIONIDAE','AY',54,249),('PLANAXIDAE','AZ',54,250),('POTAMIDIDAE','BA',54,251),('SCALIOLIDAE','BB',54,252),('SILIQUARIIDAE','BC',54,253),('TURRITELLIDAE','BD',54,254),('LITTORINIDAE','BE',54,255),('SKENEOPSIDAE','BF',54,256),('CINGULOPSIDAE','BG',54,257),('RISSOIDAE','BH',54,258),('ADEORBIDAE','BI',54,259),('ANABATHRIDAE','BJ',54,260),('ASSIMINEIDAE','BK',54,261),('BARLEEIDAE','BL',54,262),('CAECIDAE','BM',54,263),('ELACHISINIDAE','BN',54,264),('HYDROBIIDAE','BO',54,265),('IRAVADIIDAE','BP',54,266),('TORNIDAE','BQ',54,267),('TRUNCATELLIDAE','BR',54,268),('STROMBIDAE','BS',54,269),('APORRHAIIDAE','BT',54,270),('VANIKORIDAE','BU',54,271),('HIPPONICIDAE','BV',54,272),('CALYPTRAEIDAE','BW',54,273),('XENOPHORIDAE','BX',54,274),('VERMETIDAE','BY',54,275),('CAPULIDAE','BZ',54,276),('LAMELLARIIDAE','CA',54,277),('TRIVIIDAE','CB',54,278),('ERATOIDAE','CC',54,279),('CYPRAEIDAE','CD',54,280),('OVULIDAE','CE',54,281),('PEDICULARIIDAE','CF',54,282),('NATICIDAE','CG',54,283),('TONNIDAE','CH',54,284),('CASSIDAE','CI',54,285),('RANELLIDAE','CJ',54,286),('BURSIDAE','CK',54,287),('CARINARIIDAE','CL',54,288),('ATLANTIDAE','CM',54,289),('FIROLIDAE','CN',54,290),('TRIPHORIDAE','CO',54,291),('CERITHIOPSIDAE','CP',54,292),('JANTHINIDAE','CQ',54,293),('ACLIDIDAE','CR',54,294),('EPITONIIDAE','CS',54,295),('EULIMIDAE','CT',54,296),('ENTOCONCHIDAE','CU',54,297),('MURICIDAE','CV',54,298),('CORALLIOPHILIDAE','CW',54,299),('BUCCINIDAE','CX',54,300),('FASCIOLARIIDAE','CY',54,301),('NASSARIIDAE','CZ',54,302),('COLUMBELLIDAE','DA',54,303),('MITRIDAE','DB',54,304),('COSTELLARIIDAE','DC',54,305),('MARGINELLIDAE','DD',54,306),('CYSTISCIDAE','DE',54,307),('VOLUTIDAE','DF',54,308),('CANCELLARIIDAE','DG',54,309),('DRILLIIDAE','DH',54,310),('TURRIDAE','DI',54,311),('CONIDAE','DJ',54,312),('RISSOELLIDAE','DK',54,313),('OMALOGYRIDAE','DL',54,314),('XILODISCULIDAE','DM',54,315),('CORNIROSTRIDAE','DN',54,316),('HYALOGYRINIDAE','DO',54,317),('ARCHITECTONICIDAE','DP',54,318),('MATHILDIDAE','DQ',54,319),('PYRAMIDELLIDAE','DR',54,320),('EBALIDAE','DS',54,321),('TJAERNOEIDAE','DT',54,322),('ORBITESTELLIDAE','DU',54,323),('ACTEONIDAE','DV',54,324),('DIAPHANIDAE','DW',54,325),('RETUSIDAE','DX',54,326),('RINGICULIDAE','DY',54,327),('BULLIDAE','DZ',54,328),('HAMINOEIDAE','EA',54,329),('PHILINIDAE','EB',54,330),('AKERIDAE','EC',54,331),('CYLICHNIDAE','ED',54,332),('GASTROPTERIDAE','EE',54,333),('CAVOLINIIDAE','EF',54,334),('LIMACINIDAE','EG',54,335),('PERACLIDAE','EH',54,336),('OXINOIDAE','EI',54,337),('VOLVATELLIDAE','EJ',54,338),('UMBRACULIDAE','EK',54,339),('TYLODINIDAE','EL',54,340),('NOTARCHIDAE','EM',54,341),('PLEUROBRANCHIDAE','EN',54,342),('APLYSIIDAE','EO',54,343),('DOLABRIFERIDAE','EP',54,344),('SIPHONARIIDAE','EQ',54,345),('TRIMUSCULIDAE','ER',54,346),('ELLOBIIDAE','ES',54,347),('SOLEMYIDAE','ET',55,348),('NUCULIDAE','EU',55,349),('PRISTIGLOMIDAE','EV',55,350),('NUCULANIDAE','EW',55,351),('MALLETIIDAE','EX',55,352),('YOLDIIDAE','EY',55,353),('ARCIDAE','EZ',55,354),('LIMOPSIDAE','FA',55,355),('GLYCYMERIDIDAE','FB',55,356),('MYTILIDAE','FC',55,357),('PINNIDAE','FD',55,358),('PTERIIDAE','FE',55,359),('MALLEIDAE','FF',55,360),('PECTINIDAE','FG',55,361),('SPONDYLIDAE','FH',55,362),('ANOMIIDAE','FI',55,363),('LIMIDAE','FJ',55,364),('OSTREIDAE','FK',55,365),('GRYPHAEIDAE','FL',55,366),('LUCINIDAE','FM',55,367),('THYASIRIDAE','FN',55,368),('UNGULINIDAE','FO',55,369),('CHAMIDAE','FP',55,370),('GALEOMMATIDAE','FQ',55,371),('KELLIIDAE','FR',55,372),('LASAEIDAE','FS',55,373),('LEPTONIDAE','FT',55,374),('MONTACUTIDAE','FU',55,375),('NEOLEPTONIDAE','FV',55,376),('SPORTELLIDAE','FW',55,377),('CARDITIDAE','FX',55,378),('CRASSATELLIDAE','FY',55,379),('ASTARTIDAE','FZ',55,380),('CARDIIDAE','GA',55,381),('TRIDACNIDAE','GB',55,382),('MACTRIDAE','GC',55,383),('MESODESMATIDAE','GD',55,384),('SOLENIDAE','GE',55,385),('PHARIDAE','GF',55,386),('TELLINIDAE','GG',55,387),('DONACIDAE','GH',55,388),('PSAMMOBIIDAE','GI',55,389),('SCROBICULARIIDAE','GJ',55,390),('SEMELIDAE','GK',55,391),('SOLECURTIDAE','GL',55,392),('ARCTICIDAE','GM',55,393),('KELLIELLIDAE','GN',55,394),('TRAPEZIIDAE','GO',55,395),('GLOSSIDAE','GP',55,396),('VENERIDAE','GQ',55,397),('TURTONIIDAE','GR',55,398),('PETRICOLIDAE','GS',55,399),('MYIDAE','GT',55,400),('CORBULIDAE','GU',55,401),('GASTROCHAENIDAE','GV',55,402),('HIATELLIDAE','GW',55,403),('PHOLADIDAE','GX',55,404),('TEREDINIDAE','GY',55,405),('XYLOPHAGIDAE','GZ',55,406),('PHOLADOMYIDAE','HA',55,407),('THRACIIDAE','HB',55,408),('LATERNULIDAE','HC',55,409),('PERIPLOMATIDAE','HD',55,410),('CLAVAGELLIDAE','HE',55,411),('PANDORIDAE','HF',55,412),('LYONSIIDAE','HG',55,413),('POROMYIDAE','HH',55,414),('VERTICORDIIDAE','HI',55,415),('CUSPIDARIIDAE','HJ',55,416),('DENTALIIDAE','HK',56,417),('GADILINIDAE','HL',56,418),('ENTALINIDAE','HM',56,419),('PULSELLIDAE','HN',56,420),('GADILIDAE','HO',56,421),('LEPIDOPLEURIDAE','HP',57,422),('HANLEYIDAE','HQ',57,423),('BAHTYCHITONIDAE','HR',57,424),('ISCHNOCHITONIDAE','HS',57,425),('CALLISTOCHITON','HT',57,426),('CALLOCHITON','HU',57,427),('LEPIDOCHITONA','HV',57,428),('CHETOPLEURA','HW',57,429),('CHITONIDAE','HX',57,430),('ACANTHOCHITONIDAE','HY',57,431),('SPIRULIDAE','HZ',58,432),('SEPIIDAE','IA',58,433),('LOLIGINIDAE','IB',58,434),('OMMASTREPHIDAE','IC',58,435),('ARGONAUTIDAE','ID',58,436),('NEOPILINIDAE','IE',59,437);
/*!40000 ALTER TABLE `famiglia` ENABLE KEYS */;
UNLOCK TABLES;

--
-- Table structure for table `genere`
--

DROP TABLE IF EXISTS `genere`;
/*!40101 SET @saved_cs_client     = @@character_set_client */;
/*!40101 SET character_set_client = utf8 */;
CREATE TABLE `genere` (
  `nome` varchar(50) NOT NULL,
  `id` int(10) unsigned NOT NULL AUTO_INCREMENT,
  PRIMARY KEY (`id`),
  UNIQUE KEY `nome` (`nome`)
) ENGINE=InnoDB AUTO_INCREMENT=62 DEFAULT CHARSET=utf8mb4;
/*!40101 SET character_set_client = @saved_cs_client */;

--
-- Dumping data for table `genere`
--

LOCK TABLES `genere` WRITE;
/*!40000 ALTER TABLE `genere` DISABLE KEYS */;
INSERT INTO `genere` VALUES ('BIVALVIA',55),('CEPHALOPODA',58),('GASTROPODA',54),('MONOPLACOPHORA',59),('POLYPLACOPHORA',57),('SCAPHOPODA',56);
/*!40000 ALTER TABLE `genere` ENABLE KEYS */;
UNLOCK TABLES;

--
-- Table structure for table `specie`
--

DROP TABLE IF EXISTS `specie`;
/*!40101 SET @saved_cs_client     = @@character_set_client */;
/*!40101 SET character_set_client = utf8 */;
CREATE TABLE `specie` (
  `nome` varchar(255) NOT NULL,
  `famiglia_id` int(10) unsigned NOT NULL,
  `id` int(10) unsigned NOT NULL AUTO_INCREMENT,
  `ritrovatore` varchar(50) NOT NULL,
  `anno_ritrovamento` int(10) unsigned NOT NULL,
  PRIMARY KEY (`id`),
  UNIQUE KEY `nome` (`nome`),
  KEY `famiglia_id` (`famiglia_id`),
  CONSTRAINT `specie_ibfk_1` FOREIGN KEY (`famiglia_id`) REFERENCES `famiglia` (`id`)
) ENGINE=InnoDB AUTO_INCREMENT=3587 DEFAULT CHARSET=utf8mb4;
/*!40101 SET character_set_client = @saved_cs_client */;

--
-- Dumping data for table `specie`
--

LOCK TABLES `specie` WRITE;
/*!40000 ALTER TABLE `specie` DISABLE KEYS */;
INSERT INTO `specie` VALUES ('Patella caerulea ',225,1762,'Linné',1758),('Patella ferruginea ',225,1763,'Gmelin',1791),('Patella intermedia ',225,1764,'Knapp in Murray',1857),('Patella nigra ',225,1765,'Da Costa',1771),('Patella rustica ',225,1766,'Linné',1758),('Patella ulyssiponensis ',225,1767,'Gmelin',1791),('Patella vulgata ',225,1768,'Linné',1758),('Helcion pellucidus ',225,1769,'Linné',1758),('Cellana rota ',226,1770,'Gmelin',1791),('Acmaea virginea ',227,1771,'Mueller O.F.',1776),('Iothia fulva ',228,1772,'Mueller O.F.',1776),('Propilidium exiguum ',228,1773,'Thompson',1843),('Propilidium pertenue ',228,1774,'Jeffreys',1883),('Propilidium scabrosum ',228,1775,'Jeffreys',1883),('Cocculina mamilla ',229,1776,'Di Geronimo',1974),('Cocculina viminensis ',229,1777,'Rocchini',1990),('Coccopigya spinigera ',229,1778,'Jeffreys',1883),('Lepetella labronica ',230,1779,'Bogi',1984),('Lepetella laterocompressa ',230,1780,'De Rayneval & Ponzi',1854),('Addisonia excentrica ',231,1781,'Tiberi',1857),('Bathysciadium xylophagum ',232,1782,'Warén & Carrozza',1996),('Bathysciadium sp. ',232,1783,'Warén & Carrozza',1996),('Choristella naticiformis ',233,1784,'Jeffreys',1883),('Copulabyssia corrugata ',234,1785,'Jeffreys',1883),('Pilus conicus ',234,1786,'Verrill',1884),('Nerita sanguinolenta ',235,1787,'Menke',1829),('Smaragdia souverbiana ',235,1788,'Montrouzier',1863),('Smaragdia viridis ',235,1789,'Linné',1758),('Fissurella nubecula ',236,1790,'Linné',1758),('Diodora dorsata ',236,1791,'Monterosato',1878),('Diodora gibberula ',236,1792,'Lamarck',1822),('Diodora graeca ',236,1793,'Linné',1758),('Diodora italica ',236,1794,'Defrance',1820),('Diodora producta ',236,1795,'Monterosato',1880),('Diodora ruppellii ',236,1796,'Sowerby G.B. I',1835),('Emarginula adriatica ',236,1797,'Costa O.G.',1829),('Emarginula christiaensi ',236,1798,'Piani',1984),('Emarginula crebrisculpta ',236,1799,'Coen',1939),('Emarginula divae ',236,1800,'Van Aartsen & Carrozza',1996),('Emarginula fissura ',236,1801,'Linné',1758),('Emarginula multistriata ',236,1802,'Jeffreys',1882),('Emarginula octaviana ',236,1803,'Coen',1939),('Emarginula punctulum ',236,1804,'Piani',1980),('Emarginula pustula ',236,1805,'Thiele in Kuester',1913),('Emarginula rosea ',236,1806,'Bell T.',1824),('Emarginula sicula ',236,1807,'Gray J.E.',1825),('Emarginula solidula ',236,1808,'Costa O.G.',1829),('Emarginula tenera ',236,1809,'Locard',1892),('Emarginula tuberculosa ',236,1810,'Libassi',1859),('Emarginella huzardii ',236,1811,'Payraudeau',1826),('Fissurisepta granulosa ',236,1812,'Jeffreys',1883),('Fissurisepta papillosa ',236,1813,'Seguenza G.',1863),('Puncturella noachina ',236,1814,'Linné',1771),('Zeidora naufraga ',236,1815,'Watson',1883),('Scissurella costata ',237,1816,'D\'Orbigny',1824),('Anatoma aspera ',237,1817,'Philippi',1844),('Anatoma crispata ',237,1818,'Fleming',1828),('Anatoma umbilicata ',237,1819,'Jeffreys',1883),('Sinezona cingulata ',237,1820,'Costa O.G.',1861),('Haliotis coccinea ',238,1821,'Reeve',1846),('Haliotis lamellosa ',238,1822,'Lamatck',1822),('Haliotis pustulata ',238,1823,'Reeve',1846),('Trochus erythraeus ',239,1824,'Brocchi',1821),('Clanculus corallinus ',239,1825,'Gmelin',1791),('Clanculus cruciatus ',239,1826,'Linné',1758),('Clanculus jussieui ',239,1827,'Payraudeau',1826),('Clelandella miliaris ',239,1828,'Brocchi',1814),('Jujubinus aegeensis ',239,1829,'Nordsieck F.',1973),('Jujubinus baudoni ',239,1830,'Monterosato',1891),('Jujubinus dispar ',239,1831,'Curini-Galletti',1982),('Jujubinus exasperatus ',239,1832,'Pennant',1777),('Jujubinus gravinae ',239,1833,'Dautzenberg',1881),('Jujubinus karpathoensis ',239,1834,'Nordsieck F.',1973),('Jujubinus montagui ',239,1835,'Wood W.',1828),('Jujubinus ruscurianus ',239,1836,'Weinkauff',1868),('Jujubinus seguenzae ',239,1837,'Ghisotti & Melone',1975),('Jujubinus striatus striatus ',239,1838,'Linné',1758),('Jujubinus striatus delpreteanus ',239,1839,'Sulliotti',1889),('Jujubinus striatus fraterculus ',239,1840,'Monterosato',1879),('Jujubinus tumidulus ',239,1841,'Aradas',1846),('Jujubinus unidentatus ',239,1842,'Philippi',1844),('Gibbula albida ',239,1843,'Gmelin',1791),('Gibbula ardens ',239,1844,'Von Salis',1793),('Gibbula magus ',239,1845,'Linné',1758),('Gibbula adansonii adansonii ',239,1846,'Payraudeau',1826),('Gibbula adansonii sulliottii ',239,1847,'Monterosato',1888),('Gibbula adriatica ',239,1848,'Philippi',1844),('Gibbula nivosa ',239,1849,'Adams A.',1851),('Gibbula racketti ',239,1850,'Payraudeau',1826),('Gibbula spratti ',239,1851,'Forbes',1844),('Gibbula turbinoides ',239,1852,'Deshayes',1835),('Gibbula fanulum ',239,1853,'Gmelin',1791),('Gibbula guttadauri ',239,1854,'Philippi',1836),('Gibbula tingitana ',239,1855,'Pallary',1901),('Gibbula leucophaea ',239,1856,'Philippi',1836),('Gibbula philberti ',239,1857,'Récluz',1843),('Gibbula richardi ',239,1858,'Payraudeau',1826),('Gibbula varia ',239,1859,'Linné',1758),('Gibbula drepanensis ',239,1860,'Brugnone',1873),('Gibbula vimontiae ',239,1861,'Monterosato',1884),('Gibbula cineraria ',239,1862,'Linné',1758),('Gibbula divaricata ',239,1863,'Linné',1758),('Gibbula pennanti ',239,1864,'Philippi',1846),('Gibbula rarilineata ',239,1865,'Michaud',1829),('Gibbula umbilicalis ',239,1866,'Da Costa',1778),('Gibbula umbilicaris ',239,1867,'Linné',1758),('Osilinus articulatus ',239,1868,'Lamarck',1822),('Osilinus lineatus ',239,1869,'Da Costa',1778),('Osilinus mutabilis ',239,1870,'Philippi',1846),('Osilinus turbinatus ',239,1871,'Von Born',1778),('Calliostoma alexandrinum ',239,1872,'Pallary',1912),('Calliostoma conulus ',239,1873,'Linné',1758),('Calliostoma dubium ',239,1874,'Philippi',1844),('Calliostoma gualterianum ',239,1875,'Philippi',1848),('Calliostoma gubbiolii ',239,1876,'Nofroni',1984),('Calliostoma laugeri laugeri ',239,1877,'Payraudeau',1826),('Calliostoma laugeri spongiarum ',239,1878,'Bucquoy, Dautzenberg & Dollfus',1885),('Calliostoma virescens ',239,1879,'Coen',1933),('Calliostoma zizyphinum ',239,1880,'Linné',1758),('Calliostoma granulatum ',239,1881,'Von Born',1778),('Danilia otaviana ',239,1882,'Cantraine',1835),('Putzeysia wiseri ',239,1883,'Calcara',1842),('Callumbonella suturale ',239,1884,'Philippi',1836),('Minolia nedyma ',239,1885,'Melville',1897),('Trochaclis versiliensis ',239,1886,'Warén, Carrozza & Rocchini in Warén',1992),('Umbonium vestiarium ',239,1887,'Link',1807),('Rugulina monterosatoi ',240,1888,'Van Aartsen & Bogi',1986),('Skenea pelagia ',241,1889,'Nofroni & Valenti',1987),('Skenea serpuloides ',241,1890,'Montagu',1808),('Adeuomphalus ammoniformis ',241,1891,'Seguenza G.',1876),('Akritogyra conspicua ',241,1892,'Monterosato',1880),('Anekes paucistriata ',241,1893,'Warén',1992),('Anekes sculpturata ',241,1894,'Warén',1992),('Cirsonella romettensis ',241,1895,'Seguenza G.',1873),('Dikoleps depressa ',241,1896,'Monterosato',1880),('Dikoleps marianae ',241,1897,'Rubio, Dantart & Luque',1998),('Dikoleps nitens ',241,1898,'Philippi',1884),('Dikoleps pruinosa ',241,1899,'Chaster',1896),('Dikoleps rolani ',241,1900,'Rubio, Dantart & Luque',1998),('Dikoleps umbilicostriata ',241,1901,'Gaglini',1987),('Granigyra granulifera ',241,1902,'Warén',1992),('Lissomphalia bithynoides ',241,1903,'Monterosato',1880),('Lissotesta gittenbergeri ',241,1904,'Van Aartsen & Bogi',1988),('Lissotesta turrita ',241,1905,'Gaglini',1987),('Lodderena catenoides ',241,1906,'Monterosato',1877),('Mikro giustii ',241,1907,'Bogi & Nofroni',1989),('Moelleria divae ',241,1908,'Carrozza & Van Aartsen',2001),('Moelleriopsis messanensis ',241,1909,'Seguenza G.',1876),('Palazzia ausoniae ',241,1910,'Palazzi',1988),('Parviturbo elegantulus ',241,1911,'Philippi',1884),('Parviturbo fenestratus ',241,1912,'Chaster',1896),('Pseudorbis granum ',241,1913,'Brugnone',1873),('Skeneoides exilissima ',241,1914,'Philippi',1884),('Skeneoides jeffreysii ',241,1915,'Monterosato',1872),('Bolma rugosa ',242,1916,'Linné',1767),('Cantrainea peloritana ',243,1917,'Cantraine',1835),('Homalopoma carmelae ',243,1918,'Oliverio & Buzzurro',1994),('Homalopoma sanguineum ',243,1919,'Linné',1758),('Tricolia deschampsii ',244,1920,'Gofas',1993),('Tricolia entomocheila ',244,1921,'Gofas',1993),('Tricolia miniata ',244,1922,'Monterosato',1884),('Tricolia nordsiecki ',244,1923,'Talavera',1978),('Tricolia pullus pullus ',244,1924,'Linné',1758),('Tricolia punctura ',244,1925,'Gofas',1993),('Tricolia speciosa ',244,1926,'Von Muehlfeldt',1824),('Tricolia tenuis ',244,1927,'Michaud',1829),('Tricolia tingitana ',244,1928,'Gofas',1982),('Cerithium adansonii ',245,1929,'Bruguière',1792),('Cerithium alucaster ',245,1930,'Brocchi',1814),('Cerithium caeruleum ',245,1931,'Sowerby G.B. II',1855),('Cerithium haustellum ',245,1932,'Monterosato in Crema',1903),('Cerithium lividulum ',245,1933,'Risso',1826),('Cerithium nesioticum ',245,1934,'Pilsbry & Vanatta',1906),('Cerithium protractum ',245,1935,'Bivona Ant. in Bivona And.',1938),('Cerithium renovatum ',245,1936,'Monterosato',1884),('Cerithium scabridum ',245,1937,'Philippi',1848),('Cerithium vulgatum vulgatum ',245,1938,'Bruguière',1792),('Cerithium vulgatum mazaravallense ',245,1939,'Cecalupo',2003),('Bittium jardetinum ',245,1940,'Brusina',1865),('Bittium lacteum ',245,1941,'Philippi',1836),('Bittium latreilli ',245,1942,'Payraudeau',1826),('Bittium reticulatum ',245,1943,'Da Costa',1778),('Bittium scabrum ',245,1944,'Olivi',1792),('Bittium simplex ',245,1945,'Jeffreys',1867),('Bittium watsoni ',245,1946,'Jeffreys',1885),('Cassiella abylensis ',245,1947,'Gofas',1987),('Cerithidium submamillatum ',245,1948,'De Rayneval & Ponzi',1854),('Clypeomorus bifasciatus bifasciatus ',245,1949,'Sowerby G.B. II',1855),('Rhinoclavis kochi ',245,1950,'Philippi',1848),('Diala varia ',246,1951,'Adams A.',1861),('Fossarus ambiguus ',247,1952,'Linné',1758),('Alaba mirabilis ',248,1953,'Hornung & Mermod',1926),('Alaba virgata ',248,1954,'Philippi',1849),('Finella pupoides ',249,1955,'Adams A.',1860),('Clathrofenella fusca ',249,1956,'Adams A.',1860),('Planaxis punctostriatus ',250,1957,'Smith E.A.',1872),('Pirenella conica ',251,1958,'Blainville',1826),('Scaliola elata ',252,1959,'Issel',1869),('Tenagodus obtusus ',253,1960,'Schumacher',1817),('Turritella communis ',254,1961,'Risso',1826),('Turritella decipiens ',254,1962,'Monterosato',1878),('Turritella monterosatoi ',254,1963,'Kobelt',1888),('Turritella turbona ',254,1964,'Monterosato',1877),('Callostracum gracile ',254,1965,'Maltzan',1883),('Mesalia brevialis ',254,1966,'Lamarck',1822),('Mesalia mesal ',254,1967,'Deshayes',1843),('Mesalia opalina ',254,1968,'Adams And. & Reeve',1850),('Littorina littorea ',255,1969,'Linné',1758),('Littorina nervillei ',255,1970,'Dautzenberg',1893),('Littorina obtusata ',255,1971,'Linné',1758),('Littorina saxatilis ',255,1972,'Olivi',1792),('Melaraphe neritoides ',255,1973,'Linné',1758),('Nodilittorina punctata ',255,1974,'Gmelin',1791),('Skeneopsis planorbis ',256,1975,'Fabricius O.',1780),('Skeneopsis sultanarum ',256,1976,'Gofas',1983),('Eatonina celata ',257,1977,'Monterosato',1884),('Eatonina cossurae ',257,1978,'Calcara',1841),('Eatonina fulgida ',257,1979,'Adams J.',1797),('Eatonina ochroleuca ',257,1980,'Brusina',1869),('Eatonina pumila ',257,1981,'Monterosato',1884),('Tubbreva micrometrica ',257,1982,'Aradas & Benoit',1876),('Rissoa aartseni ',258,1983,'Verduin',1985),('Rissoa angustior ',258,1984,'Monterosato',1917),('Rissoa auriformis auriformis ',258,1985,'Pallary',1904),('Rissoa auriformis pseudomonodonta ',258,1986,'Verduin',1983),('Rissoa auriscalpium ',258,1987,'Linné',1758),('Rissoa decorata ',258,1988,'Philippi',1846),('Rissoa frauenfeldiana ',258,1989,'Brusina',1868),('Rissoa guerinii ',258,1990,'Récluz',1843),('Rissoa italiensis ',258,1991,'Verduin',1985),('Rissoa labiosa ',258,1992,'Montagu',1803),('Rissoa lia ',258,1993,'Monterosato',1884),('Rissoa monodonta ',258,1994,'Philippi',1836),('Rissoa multicincta ',258,1995,'Smriglio & Mariottini',1995),('Rissoa panhormensis ',258,1996,'Verduin',1985),('Rissoa paradoxa ',258,1997,'Monterosato',1884),('Rissoa rodhensis ',258,1998,'Verduin',1985),('Rissoa scurra ',258,1999,'Monterosato',1917),('Rissoa similis ',258,2000,'Scacchi',1836),('Rissoa splendida ',258,2001,'Eichwald',1830),('Rissoa torquilla ',258,2002,'Pallary',1912),('Rissoa variabilis ',258,2003,'Von Muehlfeldt',1824),('Rissoa ventricosa ',258,2004,'Desmarest',1814),('Rissoa violacea violacea ',258,2005,'Récluz',1843),('Rissoa violacea lilacina ',258,2006,'Desmarest',1814),('Alvania aartseni ',258,2007,'Verduin',1986),('Alvania aeoliae ',258,2008,'Palazzi',1988),('Alvania algeriana ',258,2009,'Monterosato',1877),('Alvania amatii ',258,2010,'Oliverio',1986),('Alvania aspera ',258,2011,'Philippi',1844),('Alvania beani ',258,2012,'Hanley in Thorpe',1844),('Alvania cancellata ',258,2013,'Da Costa',1778),('Alvania carinata ',258,2014,'Da Costa',1778),('Alvania cimex ',258,2015,'Linné',1758),('Alvania cimicoides ',258,2016,'Forbes',1844),('Alvania cingulata ',258,2017,'Philippi',1836),('Alvania clarae ',258,2018,'Nofroni & Pizzini',1991),('Alvania clathrella ',258,2019,'Seguenza L.',1903),('Alvania colossophilus ',258,2020,'Oberling',1970),('Alvania consociella ',258,2021,'Monterosato',1884),('Alvania corona ',258,2022,'Nordsieck F.',1972),('Alvania datchaensis ',258,2023,'Amati & Oliverio',1987),('Alvania dianiensis ',258,2024,'Oliverio',1988),('Alvania dictyophora ',258,2025,'Philippi',1844),('Alvania dipacoi ',258,2026,'Giusti & Nofroni',1989),('Alvania discors ',258,2027,'Allan',1818),('Alvania disparilis ',258,2028,'Monterosato',1890),('Alvania dorbignyi ',258,2029,'Audouin',1827),('Alvania electa ',258,2030,'Monterosato',1874),('Alvania elegantissima ',258,2031,'Monterosato',1875),('Alvania elisae ',258,2032,'Margelli',2001),('Alvania fischeri ',258,2033,'Jeffreys',1884),('Alvania fractospira ',258,2034,'Oberling',1970),('Alvania gagliniae ',258,2035,'Amati',1985),('Alvania geryonia ',258,2036,'Nardo',1847),('Alvania hallgassi ',258,2037,'Amati & Oliverio',1985),('Alvania hirta ',258,2038,'Monterosato',1884),('Alvania hispidula ',258,2039,'Monterosato',1884),('Alvania lactea ',258,2040,'Michaud',1832),('Alvania lanciae ',258,2041,'Calcara',1841),('Alvania lineata ',258,2042,'Risso',1826),('Alvania litoralis ',258,2043,'Nordsieck F.',1972),('Alvania lucinae ',258,2044,'Oberling',1970),('Alvania mamillata ',258,2045,'Risso',1826),('Alvania nestaresi ',258,2046,'Oliverio e Amati',1990),('Alvania oliverioi ',258,2047,'Buzzurro',2003),('Alvania oranica ',258,2048,'Pallary',1900),('Alvania pagodula ',258,2049,'Bucquoy, Dautzenberg & Dollfus',1884),('Alvania parvula ',258,2050,'Jeffreys',1884),('Alvania punctura ',258,2051,'Montagu',1803),('Alvania rudis ',258,2052,'Philippi',1844),('Alvania scabra ',258,2053,'Philippi',1844),('Alvania schwartziana ',258,2054,'Brusina',1866),('Alvania sculptilis ',258,2055,'Monterosato',1877),('Alvania settepassii ',258,2056,'Amati & Nofroni',1985),('Alvania sororcula ',258,2057,'Granata-Grillo',1877),('Alvania spinosa ',258,2058,'Monterosato',1890),('Alvania subareolata ',258,2059,'Monterosato',1869),('Alvania subcrenulata ',258,2060,'Bucquoy, Dautzenberg & Dollfus',1884),('Alvania subsoluta ',258,2061,'Aradas',1847),('Alvania tenera ',258,2062,'Philippi',1844),('Alvania tessellata ',258,2063,'Weinkauff',1868),('Alvania testae ',258,2064,'Aradas & Maggiore',1844),('Alvania tomentosa ',258,2065,'Pallary',1920),('Alvania vermaasi ',258,2066,'Van Aartsen',1975),('Alvania villarii ',258,2067,'Micali, Tisselli & Giunchi',2004),('Alvania weinkauffi weinkauffi ',258,2068,'Weinkauff',1868),('Alvania weinkauffi jacobusi ',258,2069,'Oliverio, Amati & Nofroni',1986),('Alvania zetlantica ',258,2070,'Montagu',1815),('Alvania zylensis ',258,2071,'Gofas & Warén',1982),('Benthonella tenella ',258,2072,'Jeffreys',1869),('Bothryphallus epidauricus ',258,2073,'Brusina',1866),('Cingula anselmoi ',258,2074,'Van Aartsen & Engl',1999),('Cingula trifasciata ',258,2075,'Adams J.',1800),('Crisilla beniamina ',258,2076,'Monterosato',1884),('Crisilla chiarellii ',258,2077,'Cecalupo & Quadri',1995),('Crisilla marioni ',258,2078,'Fasulo & Gaglini',1987),('Crisilla pseudocingulata ',258,2079,'Nordsieck F.',1972),('Crisilla semistriata ',258,2080,'Montagu',1808),('Crisilla simulans ',258,2081,'Locard',1886),('Manzonia crassa ',258,2082,'Kanmacher',1798),('Obtusella intersecta ',258,2083,'Wood S.W.',1857),('Obtusella macilenta ',258,2084,'Monterosato',1880),('Onoba aculeus ',258,2085,'Gould',1841),('Onoba dimassai ',258,2086,'Amati & Nofroni',1991),('Onoba gianninii ',258,2087,'Nordsieck F.',1974),('Onoba guzmani ',258,2088,'Hoenselar & Moolenbeek',1987),('Onoba josae ',258,2089,'Moolenbeek & Hoenselar',1987),('Onoba nikolarianae ',258,2090,'Oberling',1970),('Onoba semicostata ',258,2091,'Montagu',1803),('Onoba tarifensis ',258,2092,'Hoenselar & Moolenbeek',1987),('Peringiella denticulata ',258,2093,'Ponder',1985),('Peringiella elegans ',258,2094,'Locard',1892),('Pseudosetia ficaratiensis ',258,2095,'Brugnone',1876),('Pusillina benzi ',258,2096,'Aradas & Maggiore',1844),('Pusillina consimilis ',258,2097,'Monterosato',1890),('Pusillina diversa ',258,2098,'Nordsieck F.',1972),('Pusillina gemmula ',258,2099,'Fischer P. in De Folin',1871),('Pusillina inconspicua ',258,2100,'Alder',1844),('Pusillina interrupta ',258,2101,'Adams J.',1800),('Pusillina lineolata ',258,2102,'Michaud',1832),('Pusillina margiminia ',258,2103,'Nordsieck F.',1972),('Pusillina marginata ',258,2104,'Michaud',1832),('Pusillina munda ',258,2105,'Monterosato',1884),('Pusillina parva ',258,2106,'Da Costa',1778),('Pusillina philippi ',258,2107,'Aradas & Maggiore',1844),('Pusillina radiata ',258,2108,'Philippi',1836),('Pusillina sarsii ',258,2109,'Lovén',1846),('Pusillina testudae ',258,2110,'Verduin',1979),('Pusillina turrita ',258,2111,'Monterosato',1890),('Setia aartseni ',258,2112,'Verduin',1984),('Setia amabilis ',258,2113,'Locard',1886),('Setia ambigua ',258,2114,'Brugnone',1873),('Setia antipolitana ',258,2115,'Van der Linden & Wagner',1987),('Setia bruggeni ',258,2116,'Verduin',1984),('Setia globulinus ',258,2117,'Monterosato',1884),('Setia kuiperi ',258,2118,'Verduin',1984),('Setia lacourti ',258,2119,'Verduin',1984),('Setia maculata ',258,2120,'Monterosato',1869),('Setia microbia ',258,2121,'Hoenselaar H.J. & J.',1991),('Setia pulcherrima ',258,2122,'Jeffreys',1848),('Setia scillae ',258,2123,'Aradas & Benoit',1876),('Setia sciutiana ',258,2124,'Aradas & Benoit',1874),('Setia slikorum ',258,2125,'Verduin',1984),('Setia tiberiana ',258,2126,'Issel',1869),('Setia turriculata ',258,2127,'Monterosato',1884),('Rudolphosetia fusca ',258,2128,'Philippi',1841),('Rissoina bruguieri ',258,2129,'Payraudeau',1826),('Rissoina decussata ',258,2130,'Montagu',1803),('Rissoina spirata ',258,2131,'Sowerby G.B. I',1825),('Rissoina bertholleti ',258,2132,'Issel',1869),('Schwartziella chesneli ',258,2133,'Michaud',1830),('Zebina cfr. browniana  ',258,2134,'D\'Orbigny',1842),('Circulus striatus ',259,2135,'Philippi',1836),('Circulus tricarinatus ',259,2136,'Wood',1848),('Nodulus contortus ',260,2137,'Jeffreys',1856),('Nodulus spiralis ',260,2138,'Van der Linden',1986),('Pisinna glabrata ',260,2139,'Von Muehlfeldt',1824),('Assiminea cfr. grayana ',261,2140,'Fleming',1828),('Paludinella littorina ',261,2141,'Delle Chiaje',1828),('Paludinella cfr. sicana ',261,2142,'Brugnone',1876),('Barleia gougeti ',262,2143,'Michaud',1829),('Barleia seminulum ',262,2144,'Monterosato',1877),('Barleia unifasciata ',262,2145,'Montagu',1803),('Caecum armoricum ',263,2146,'De Folin',1869),('Caecum auriculatum ',263,2147,'De Folin',1868),('Caecum clarkii ',263,2148,'Carpenter',1858),('Caecum subannulatum ',263,2149,'De Folin',1870),('Caecum trachea ',263,2150,'Montagu',1803),('Caecum sp. ',263,2151,'A Pizzini, Nofroni & Oliverio',1995),('Parastrophia asturiana ',263,2152,'De Folin',1870),('Laeviphitus verduini ',264,2153,'Van Aartsen, Bogi & Giusti',1989),('Hydrobia acuta ',265,2154,'Draparnaud',1805),('Hydrobia joossei ',265,2155,'Van Aartsen, Menkhorst & Gittenberger',1984),('Ventrosia ventrosa ',265,2156,'Montagu',1803),('Heleobia stagnorum ',265,2157,'Gmelin',1791),('Potamopyrgus jenkinsi ',265,2158,'Smith',1889),('Ceratia proxima ',266,2159,'Forbes & Hanley',1850),('Hyala vitrea ',266,2160,'Montagu',1803),('Tornus jullieni ',267,2161,'Adam & Knudsen',1969),('Tornus mienisi ',267,2162,'Van Aartsen, Carrozza & Menkhorst',1998),('Tornus subcarinatus ',267,2163,'Montagu',1803),('Cochliolepis costulata ',267,2164,'De Folin',1870),('Truncatella subcylindrica ',268,2165,'Linné',1767),('Strombus persicus ',269,2166,'Swainson',1821),('Strombus lentiginosus ',269,2167,'Linné',1758),('Aporrhais pespelecani ',270,2168,'Linné',1758),('Aporrhais serresianus ',270,2169,'Michaud',1828),('Aporrhais uttingerianus ',270,2170,'Risso',1826),('Macromphalus abylensis ',271,2171,'Warén & Bouchet',1988),('Megalomphalus azonus ',271,2172,'Brusina',1865),('Megalomphalus disciformis ',271,2173,'Granata-Grillo',1877),('Megalomphalus petitianus ',271,2174,'Tiberi',1869),('Talassia dagueneti ',271,2175,'De folin',1873),('Hipponix conicus ',272,2176,'Schumacher',1817),('Calyptraea chinensis ',273,2177,'Linné',1758),('Crepidula fornicata ',273,2178,'Linné',1758),('Crepidula gibbosa ',273,2179,'Defrance',1818),('Crepidula unguiformis ',273,2180,'Lamarck',1822),('Xenophora crispa ',274,2181,'Koenig',1825),('Vermetus cristatus ',275,2182,'Biondi',1857),('Vermetus rugulosus ',275,2183,'Monterosato',1878),('Vermetus triquetrus ',275,2184,'Bivona Ant.',1832),('Vermetus granulatus ',275,2185,'Gravenhorst',1831),('Vermetus semisurrectus ',275,2186,'Bivona Ant.',1832),('Dendropoma anguliferum ',275,2187,'Monterosato',1884),('Dendropoma petraeum ',275,2188,'Monterosato',1884),('Petaloconchus glomeratus ',275,2189,'Linné',1758),('Serpulorbis arenaria ',275,2190,'Linné',1767),('Capulus ungaricus ',276,2191,'Linné',1758),('Lamellaria latens ',277,2192,'Mueller O.F.',1776),('Lamellaria perspicua ',277,2193,'Linné',1758),('Velutina velutina ',277,2194,'Mueller O.F.',1776),('Trivia arctica ',278,2195,'Pulteney',1789),('Trivia levantina ',278,2196,'Smriglio, Mariottini & Buzzurro',1998),('Trivia monacha ',278,2197,'Da Costa',1778),('Trivia multilirata ',278,2198,'Sowerby G.B. II',1870),('Trivia pulex ',278,2199,'Solander in Gray',1828),('Trivia spongicola ',278,2200,'Monterosato',1923),('Pusula candidula ',278,2201,'Gaskoin',1836),('Erato voluta ',279,2202,'Montagu',1803),('Erosaria spurca ',280,2203,'Linné',1758),('Erosaria turdus ',280,2204,'Lamarck',1810),('Erronea caurica ',280,2205,'Linné',1758),('Luria lurida ',280,2206,'Linné',1758),('Purpuradusta gracilis ',280,2207,'Gaskoin',1849),('Schilderia achatidea ',280,2208,'Gray in Sowerby G.B. II',1837),('Zonaria pyrum ',280,2209,'Gmelin',1791),('Aperiovula adriatica ',281,2210,'Sowerby G.B. I',1828),('Neosimnia spelta ',281,2211,'Linné',1758),('Pseudosimnia carnea ',281,2212,'Poiret',1789),('Simnia nicaeensis ',281,2213,'Risso',1826),('Simnia purpurea ',281,2214,'Risso',1826),('Pedicularia sicula ',282,2215,'Swainson',1840),('Natica adansoni ',283,2216,'Blainville',1825),('Natica dillwynii ',283,2217,'Payraudeau',1826),('Natica vittata ',283,2218,'Gmelin',1791),('Natica gualteriana ',283,2219,'Récluz',1844),('Natica hebraea ',283,2220,'Martyn',1784),('Natica marochiensis ',283,2221,'Gmelin',1791),('Natica stercusmuscarum ',283,2222,'Gmelin',1791),('Cryptonatica operculata ',283,2223,'Jeffreys',1885),('Tectonatica filosa ',283,2224,'Philippi',1845),('Tectonatica rizzae ',283,2225,'Philippi',1844),('Euspira catena ',283,2226,'Da Costa',1778),('Euspira fusca ',283,2227,'Blainville',1825),('Euspira grossularia ',283,2228,'Marche-Marchad',1957),('Euspira guillemini ',283,2229,'Payraudeau',1826),('Euspira macilenta ',283,2230,'Philippi',1844),('Euspira notabilis ',283,2231,'Jeffreys',1885),('Euspira pulchella ',283,2232,'Risso',1826),('Neverita josephinia ',283,2233,'Risso',1826),('Payraudeautia intricata ',283,2234,'Donovan',1804),('Sinum bifasciatum ',283,2235,'Récluz',1851),('Tonna galea ',284,2236,'Linné',1758),('Eudolium bairdii ',284,2237,'Verrill & Smith',1881),('Eudolium crosseanum ',284,2238,'Monterosato',1869),('Galeodea echinophora ',285,2239,'Linné',1758),('Galeodea rugosa ',285,2240,'Linné',1771),('Phalium granulatum ',285,2241,'Born',1778),('Phalium saburon ',285,2242,'Bruguière',1792),('Ranella olearia ',286,2243,'Linné',1758),('Cymathium corrugatum corrugatum ',286,2244,'Lamarck',1816),('Cymathium parthenopeum parthenopeum ',286,2245,'Von Salis',1793),('Cabestana cutacea cutacea ',286,2246,'Linné',1767),('Cabestana cutacea doliarium ',286,2247,'Linné',1767),('Charonia lampas lampas ',286,2248,'Linné',1758),('Charonia tritonis variegata ',286,2249,'Lamarck',1816),('Bursa scobilator scobilator ',287,2250,'Linné',1758),('Bufonaria marginata ',287,2251,'Gmelin',1791),('Carinaria mediterranea ',288,2252,'Blainville',1825),('Atlanta fusca ',289,2253,'Souleyet',1852),('Atlanta helicinoides ',289,2254,'Souleyet',1852),('Atlanta inclinata ',289,2255,'Souleyet',1852),('Atlanta inflata ',289,2256,'Souleyet',1852),('Atlanta lesueurii ',289,2257,'Souleyet',1852),('Atlanta peresi ',289,2258,'Frontier',1966),('Atlanta peronii ',289,2259,'Lesueur',1817),('Oxygyrus keraudrenii ',289,2260,'Lesueur',1817),('Protatlanta mediterranea ',289,2261,'Issel',1915),('Protatlanta souleyeti ',289,2262,'Smith E.A.',1888),('Firoloida desmarestia ',290,2263,'Lesueur',1817),('Cheirodonta pallescens ',291,2264,'Jeffreys',1867),('Marshallora adversa ',291,2265,'Montagu',1803),('Monophorus erythrosoma ',291,2266,'Bouchet & Guillemot',1978),('Monophorus perversus ',291,2267,'Linné',1758),('Monophorus thiriotae ',291,2268,'Bouchet',1984),('Obesula marinostri ',291,2269,'Bouchet',1985),('Pogonodon pseudocanaricus ',291,2270,'Bouchet',1985),('Similiphora similior ',291,2271,'Bouchet & Guillemot',1978),('Similiphora triclotae ',291,2272,'Bouchet',1996),('Strobiligera brychia ',291,2273,'Bouchet & Guillemot',1978),('Strobiligera flammulata ',291,2274,'Warén',1993),('Metaxia bacillum ',291,2275,'Issel',1869),('Metaxia metaxae ',291,2276,'Delle Chiaje',1828),('Cerithiopsis atalaya ',292,2277,'Watson',1874),('Cerithiopsis barleei ',292,2278,'Jeffreys',1867),('Cerithiopsis contigua ',292,2279,'Monterosato',1878),('Cerithiopsis corona ',292,2280,'Gaglini',1992),('Cerithiopsis diadema ',292,2281,'Monterosato',1874),('Cerithiopsis fayalensis ',292,2282,'Watson',1886),('Cerithiopsis greppii ',292,2283,'Buzzurro & Cecalupo',2004),('Cerithiopsis jeffreysi ',292,2284,'Watson',1885),('Cerithiopsis minima ',292,2285,'Brusina',1865),('Cerithiopsis nana sensu ',292,2286,'A.A. non Jeffreys',1867),('Cerithiopsis nofronii ',292,2287,'Amati',1987),('Cerithiopsis pulvis ',292,2288,'Issel',1869),('Cerithiopsis scalaris ',292,2289,'Locard',1892),('Cerithiopsis tenthrenois ',292,2290,'Melville',1896),('Cerithiopsis tubercularis ',292,2291,'Montagu',1803),('Cerithiopsis sp. ',292,2292,'2  Smriglio & Mariottini',1999),('Cerithiella metula ',292,2293,'Loven',1846),('Dizoniopsis bilineata ',292,2294,'Hoernes',1848),('Dizoniopsis coppolae ',292,2295,'Aradas',1870),('Dizoniopsis micalii ',292,2296,'Cecalupo & Villari',1997),('Krachia cylindrata ',292,2297,'Jeffreys',1885),('Krachia tiara ',292,2298,'Monterosato',1874),('Krachiopsis giannuzzii ',292,2299,'Smriglio & Mariottini',1999),('Onchodia valeriae ',292,2300,'Giusti F.sco',1987),('Seila trilineata ',292,2301,'Philippi',1836),('Janthina exigua ',293,2302,'Lamarck',1816),('Janthina jantina ',293,2303,'Linné',1758),('Janthina nitens ',293,2304,'Menke',1828),('Janthina pallida ',293,2305,'Thompson',1840),('Aclis ascaris ',294,2306,'Turton',1819),('Aclis attenuans ',294,2307,'Jeffreys',1883),('Aclis gulsonae ',294,2308,'Clark W.',1850),('Aclis minor ',294,2309,'Brown',1827),('Aclis verduini ',294,2310,'Van Aartsen, Menkhorst & Gittenberger',1984),('Cima cuticulata ',294,2311,'Warén',1993),('Cima cylindrica ',294,2312,'Jeffreys',1856),('Cima melitensis ',294,2313,'Mifsud',1998),('Cima minima ',294,2314,'Jeffreys',1858),('Graphis albida ',294,2315,'Kanmacher',1798),('Graphis barashi ',294,2316,'Van Aartsen',2002),('Graphis gracilis ',294,2317,'Monterosato',1874),('Graphis striata ',294,2318,'Jeffreys',1884),('Epitonium aculeatum ',295,2319,'Allan',1818),('Epitonium algerianum ',295,2320,'Weinkauff',1866),('Epitonium candidissimum ',295,2321,'Monterosato',1877),('Epitonium celesti ',295,2322,'Aradas',1854),('Epitonium clathratulum ',295,2323,'Kanmacher',1798),('Epitonium commune ',295,2324,'Lamarck',1822),('Epitonium dendrophylliae ',295,2325,'Bouchet & Warén',1986),('Epitonium hispidulum ',295,2326,'Monterosato',1874),('Epitonium jolyi ',295,2327,'Monterosato',1878),('Epitonium linctum ',295,2328,'De Boury & Monterosato',1890),('Epitonium pseudonanum ',295,2329,'Bouchet & Warén',1986),('Epitonium pulchellum ',295,2330,'Bivona Ant.',1832),('Epitonium striatissimum ',295,2331,'Monterosato',1878),('Epitonium tiberii ',295,2332,'De Boury',1890),('Epitonium tryoni ',295,2333,'De Boury',1913),('Epitonium turtoni ',295,2334,'Turton',1819),('Epitonium vittatum ',295,2335,'Jeffreys',1884),('Acirsa corsicana ',295,2336,'Nordsieck F.',1974),('Acirsa subdecussata ',295,2337,'Cantraine',1835),('Acrilloscala lamyi ',295,2338,'De Boury',1909),('Cirsotrema cochlea ',295,2339,'Sowerby G.B. II',1844),('Claviscala richardi ',295,2340,'Dautzenberg & De Boury',1897),('Cycloscala hyalina ',295,2341,'Sowerby G.B. II',1844),('Cylindriscala sp. ',295,2342,'Mifsud & Ovalis',2003),('Gregorioiscala sarsii ',295,2343,'Kobelt',1903),('Gyroscala lamellosa ',295,2344,'Lamarck',1822),('Opalia crenata ',295,2345,'Linné',1758),('Opalia abbotti ',295,2346,'Clench & Turner',1952),('Opalia fusticulus ',295,2347,'Gaglini',1992),('Opalia hellenica ',295,2348,'Forbes',1844),('Punctiscala cerigottana ',295,2349,'Sturany',1896),('Stylotrochus marshalli ',295,2350,'Sykes',1925),('Stylotrochus tuberatus ',295,2351,'Jeffreys',1883),('Narrimania concinna ',295,2352,'Sykes',1925),('Opaliopsis atlantis ',295,2353,'Clench & Turner',1952),('Papuliscala cerithielloides ',295,2354,'Bouchet & Warén',1986),('Papuliscala tavianii ',295,2355,'Bouchet & Warén',1986),('Eulima bilineata ',296,2356,'Alder',1848),('Eulima glabra ',296,2357,'Da Costa',1778),('Eulima leptozona ',296,2358,'Dautzenberg & Fischer P.',1896),('Auriculigerina miranda ',296,2359,'Dautzenberg',1925),('Campylorhaphion famelicum ',296,2360,'Watson',1883),('Crinophtheiros comatulicula ',296,2361,'Graff',1875),('Crinophtheiros giustii ',296,2362,'Gaglini',1991),('Ersilia mediterranea ',296,2363,'Monterosato',1869),('Fusceulima minuta ',296,2364,'Jeffreys',1884),('Haliella stenostoma ',296,2365,'Jeffreys',1858),('Halielloides fragilis ',296,2366,'Bouchet & Warén',1986),('Melanella alba ',296,2367,'Da Costa',1778),('Melanella boscii ',296,2368,'Payraudeau',1827),('Melanella compactilis ',296,2369,'Monterosato',1884),('Melanella frielei ',296,2370,'Jordan',1895),('Melanella glypta ',296,2371,'Bouchet & Warén',1986),('Melanella lineata ',296,2372,'Monterosato',1869),('Melanella lubrica ',296,2373,'Monterosato',1890),('Melanella microsculpta ',296,2374,'Bouchet & Warén',1986),('Melanella monterosatoi ',296,2375,'Monterosato',1890),('Melanella petitiana ',296,2376,'Brusina',1869),('Melanella polita ',296,2377,'Linné',1758),('Melanella praecurta ',296,2378,'Pallary',1904),('Melanella spiridioni ',296,2379,'Dautzenberg & Fischer H.',1896),('Melanella stalioi ',296,2380,'Brusina',1869),('Melanella translucens ',296,2381,'Brusina in Monterosato',1890),('Oceanida confluens ',296,2382,'Bouchet & Warén',1986),('Nanobalcis nana ',296,2383,'Monterosato',1878),('Parvioris ibizenca ',296,2384,'Nordsieck F.',1968),('Pelseneeria minor ',296,2385,'Koehler & Vaney',1908),('Plagyostila asturiana ',296,2386,'Fischer in De Folin & Perier',1872),('Sabinella piriformis ',296,2387,'Brugnone',1873),('Sticteulima jeffreysiana ',296,2388,'Brusina',1869),('Sticteulima lentiginosa ',296,2389,'Adams A.',1861),('Vitreolina cionella ',296,2390,'Monterosato',1878),('Vitreolina curva ',296,2391,'Monterosato',1874),('Vitreolina incurva ',296,2392,'Bucquoy, Dautzenberg & Dollfus',1883),('Vitreolina levantina ',296,2393,'Oliverio, Buzzurro & Villa',1994),('Vitreolina perminima ',296,2394,'Jeffreys',1883),('Vitreolina philippi ',296,2395,'Rayneval & Ponzi',1854),('Entoconcha mirabilis ',297,2396,'Mueller',1852),('Murex forskoehlii ',298,2397,'Roeding',1798),('Aspella anceps ',298,2398,'Lamarck',1822),('Bolinus brandaris ',298,2399,'Linné',1758),('Bolinus cornutus ',298,2400,'Linné',1758),('Dermomurex scalaroides ',298,2401,'Blainville',1829),('Hadriania oretea ',298,2402,'De Gregorio',1885),('Hexaplex pecchiolanus ',298,2403,'D\'Ancona',1871),('Hexaplex trunculus ',298,2404,'Linné',1758),('Ergalatax obscura ',298,2405,'Houart',1996),('Orania fusulus ',298,2406,'Brocchi',1814),('Muricopsis aradasii ',298,2407,'Poirier',1883),('Muricopsis cevikeri ',298,2408,'Houart',2000),('Muricopsis cristata ',298,2409,'Brocchi',1814),('Ocenebra erinaceus ',298,2410,'Linné',1758),('Ocinebrina aciculata ',298,2411,'Lamarck',1822),('Ocinebrina edwardsii ',298,2412,'Payraudeau',1826),('Ocinebrina hellery ',298,2413,'Brusina',1865),('Ocinebrina hispidula ',298,2414,'Pallary',1904),('Ocinebrina hybrida ',298,2415,'Aradas & Benoit',1876),('Ocinebrina ingloria ',298,2416,'Crosse',1865),('Ocinebrina nicolai ',298,2417,'Monterosato',1884),('Houartiella alboranensis ',298,2418,'Smriglio, Mariottini & Bonfitto',1997),('Trophonopsis barvicensis ',298,2419,'Johnston',1825),('Trophonopsis breviatus ',298,2420,'Jeffreys',1882),('Trophonopsis cfr. droueti ',298,2421,'Dautzenberg',1889),('Trophonopsis muricatus ',298,2422,'Montagu',1803),('Pagodula echinata ',298,2423,'Kiener',1840),('Pagodula fraseri ',298,2424,'Knudsen',1956),('Rapana rapiformis ',298,2425,'Von Born',1778),('Rapana venosa ',298,2426,'Valenciennes',1846),('Stramonita haemastoma ',298,2427,'Linné',1776),('Thais lacera ',298,2428,'Born',1778),('Nucella lapillus ',298,2429,'Linné',1758),('Typhinellus labiatus ',298,2430,'De Cristofori & Jan',1832),('Coralliophila africana ',299,2431,'Smriglio & Mariottini',2001),('Coralliophila alboranensis ',299,2432,'Smriglio & Mariottini',2003),('Coralliophila brevis ',299,2433,'Blaiville',1832),('Coralliophila meyendorffii ',299,2434,'Calcara',1845),('Coralliophila panormitana ',299,2435,'Monterosato',1869),('Coralliophila richardi ',299,2436,'Fischer P.',1882),('Coralliophila sofiae ',299,2437,'Aradas & Benoit',1876),('Coralliophila squamosa ',299,2438,'Bivona And.',1838),('Babelomurex benoitii ',299,2439,'Tiberi',1855),('Babelomurex cariniferus ',299,2440,'Sowerby G.B. I',1834),('Babelomurex gilli ',299,2441,'Kosuge',1990),('Coralliobia madreporarum ',299,2442,'Sowerby G.B. I',1832),('Latiaxis sentix ',299,2443,'Bayer',1971),('Buccinum humphreysianum ',300,2444,'Bennet',1824),('Buccinum undatum ',300,2445,'Linné',1758),('Buccinulum corneum ',300,2446,'Linné',1758),('Chauvetia brunnea ',300,2447,'Donovan',1804),('Chauvetia candidissima ',300,2448,'Philippi',1836),('Chauvetia giunchiorum ',300,2449,'Micali',1999),('Chauvetia lefebvrei ',300,2450,'Maravigna',1840),('Chauvetia lineolata ',300,2451,'Tiberi',1868),('Chauvetia mamillata ',300,2452,'Risso',1826),('Chauvetia pellisphocae ',300,2453,'Reeve',1845),('Chauvetia procerula ',300,2454,'Monterosato',1889),('Chauvetia recondita ',300,2455,'Brugnone',1873),('Chauvetia tenuisculpta ',300,2456,'Dautzenberg',1913),('Chauvetia turritellata ',300,2457,'Deshayes',1835),('Chauvetia ventrosa ',300,2458,'Nordsieck F.',1976),('Colubraria reticulata ',300,2459,'Blainville',1826),('Colus jeffreysianus ',300,2460,'Fischer P.',1868),('Engina leucozona ',300,2461,'Philippi',1843),('Kryptos koehleri ',300,2462,'Locard',1896),('Pisania striata ',300,2463,'Gmelin',1791),('Pollia dorbignyi ',300,2464,'Payraudeau',1826),('Pollia scabra ',300,2465,'Locard',1886),('Pollia scacchiana ',300,2466,'Philippi',1844),('Fasciolaria lignaria ',301,2467,'Linné',1758),('Fusinus marmoratus ',301,2468,'Philippi',1846),('Fusinus profetai ',301,2469,'Nofroni',1982),('Fusinus pulchellus ',301,2470,'Philippi',1844),('Fusinus rudis ',301,2471,'Philippi',1844),('Fusinus rusticulus ',301,2472,'Monterosato',1880),('Fusinus sanctaeluciae ',301,2473,'Von Salis',1793),('Fusinus syracusanus ',301,2474,'Linné',1758),('Nassarius arcularius plicatus ',302,2475,'Roeding',1798),('Nassarius cabrierensis ovoideus ',302,2476,'Locard',1886),('Nassarius elatus ',302,2477,'Gould',1845),('Nassarius heynemanni ',302,2478,'Von Maltzan',1884),('Nassarius macrodon recidivus ',302,2479,'Von Martens',1876),('Nassarius turulosus ',302,2480,'Risso',1826),('Nassarius vaucheri ',302,2481,'Pallary',1906),('Nassarius johni ',302,2482,'Monterosato',1889),('Nassarius tingitanus ',302,2483,'Pallary',1901),('Nassarius corniculus ',302,2484,'Olivi',1792),('Nassarius pfeifferi ',302,2485,'Philippi',1844),('Nassarius tinei ',302,2486,'Maravigna in Guérin',1840),('Nassarius coralligenus ',302,2487,'Pallary',1900),('Nassarius incrassatus ',302,2488,'Stroem',1768),('Nassarius pygmaeus ',302,2489,'Lamarck',1822),('Nassarius nitidus ',302,2490,'Jeffreys',1867),('Nassarius reticulatus ',302,2491,'Linné',1758),('Nassarius wolffi ',302,2492,'Knudsen',1956),('Nassarius granum ',302,2493,'Lamarck',1822),('Nassarius denticulatus ',302,2494,'Adams A.',1851),('Nassarius circumcinctus ',302,2495,'Adams A.',1852),('Nassarius gibbosulus ',302,2496,'Linné',1758),('Nassarius mutabilis ',302,2497,'Linné',1758),('Nassarius cuvierii ',302,2498,'Payraudeau',1826),('Nassarius louisi ',302,2499,'Pallary',1912),('Nassarius unifasciatus ',302,2500,'Kiener',1835),('Nassarius lima ',302,2501,'Dillwyn',1817),('Cyclope neritea ',302,2502,'Linné',1758),('Cyclope pellucida ',302,2503,'Risso',1826),('Demoulia obtusata ',302,2504,'Link',1807),('Columbella rustica ',303,2505,'Linné',1758),('Amphissa acutocostata ',303,2506,'Philippi',1844),('Anachis aliceae ',303,2507,'Pallary',1900),('Anachis savignyi ',303,2508,'Moazzo',1939),('Anachis troglodytes ',303,2509,'Souverbie & Montrouzier',1866),('Anachis sp. ',303,2510,'Buzzurro & Greppi',1996),('Mitrella acuta ',303,2511,'Kobelt',1889),('Mitrella broderipi ',303,2512,'Sowerby G.B. I',1844),('Mitrella bruggeni ',303,2513,'Van Aartsen, Menkhorst & Gittenberger',1984),('Mitrella coccinea ',303,2514,'Philippi',1836),('Mitrella gervillii ',303,2515,'Payraudeau',1826),('Mitrella lanceolata ',303,2516,'Locard',1886),('Mitrella minor ',303,2517,'Scacchi',1836),('Mitrella pallaryi ',303,2518,'Dautzenberg',1927),('Mitrella scripta ',303,2519,'Linné',1758),('Mitra cornea ',304,2520,'Lamarck',1811),('Mitra cornicula ',304,2521,'Linné',1758),('Mitra zonata ',304,2522,'Marryat',1818),('Vexillum depexum ',305,2523,'Deshayes',1834),('Vexillum ebenus ',305,2524,'Lamarck',1811),('Vexillum granum ',305,2525,'Forbes',1843),('Vexillum hypatiae ',305,2526,'Pallary',1912),('Vexillum savignyi ',305,2527,'Payraudeau',1826),('Vexillum tricolor ',305,2528,'Gmelin',1790),('Gibberula caelata ',306,2529,'Monterosato',1877),('Gibberula epigrus ',306,2530,'Reeve',1865),('Gibberula jansseni ',306,2531,'Van Aartsen, Menkhorst & Gittenberger',1984),('Gibberula miliaria  ',306,2532,'Linné',1758),('Gibberula oryza ',306,2533,'Lamarck',1822),('Gibberula philippii ',306,2534,'Monterosato',1878),('Gibberula recondita ',306,2535,'Monterosato',1844),('Gibberula secreta ',306,2536,'Monterosato',1889),('Gibberula simonae ',306,2537,'Smriglio',2003),('Gibberula turgidula ',306,2538,'Locard & Caziot',1900),('Volvarina mitrella ',306,2539,'Risso',1826),('Granulina boucheti ',307,2540,'Gofas',1992),('Granulina gofasi ',307,2541,'Smriglio & Mariottini',1997),('Granulina gubbiolii ',307,2542,'Smriglio & Mariottini',1999),('Granulina guttula ',307,2543,'La Perna',1999),('Granulina marginata ',307,2544,'Bivona',1832),('Granulina melitensis ',307,2545,'Smriglio, Mariottini & Rufini',1998),('Granulina minusculina ',307,2546,'Locard',1897),('Granulina occulta ',307,2547,'Monterosato',1869),('Granulina pusaterii ',307,2548,'Smriglio & Mariottini',2003),('Granulina tenuilabiata ',307,2549,'La Perna',1999),('Granulina torosa ',307,2550,'Gofas',1992),('Granulina vanhareni ',307,2551,'Van Aartsen, Menkhorst & Gittenberger',1984),('Cymbium olla ',308,2552,'Linné',1758),('Ampulla priamus ',308,2553,'Gmelin',1791),('Cancellaria cancellata ',309,2554,'Linné',1767),('Cancellaria similis ',309,2555,'Sowerby G.B. I',1833),('Cancellaria coronata ',309,2556,'Scacchi',1835),('Axelella minima ',309,2557,'Reeve',1856),('Crassopleura incrassata ',310,2558,'Dujardin',1837),('Spirotropis modiolus ',310,2559,'De Cristofori & Jan',1832),('Pusionella nifat ',311,2560,'Bruguière',1789),('Haedropleura flexicosta ',311,2561,'Monterosato',1884),('Haedropleura forbesi ',311,2562,'Locard',1892),('Haedropleura rigida ',311,2563,'Reeve',1846),('Haedropleura secalina ',311,2564,'Philippi',1844),('Haedropleura septangularis ',311,2565,'Montagu',1803),('Micropleurotoma spirotropoides ',311,2566,'Thiele',1925),('Fusiturris similis ',311,2567,'Bivona And.',1838),('Fusiturris undarituga ',311,2568,'Bivona Ant. in Bivona And.',1838),('Lophiotoma indica ',311,2569,'Roeding',1798),('Typhlomangelia nivalis ',312,2570,'Lovén',1846),('Comarmondia gracilis ',312,2571,'Montagu',1803),('Comarmondia inflata ',312,2572,'De Cristofori & Jan',1832),('Comarmondia stria ',312,2573,'Calcara',1839),('Corinnaeturris leucomata ',312,2574,'Dall',1881),('Mitrolumna crenipicta ',312,2575,'Dautzenberg',1889),('Mitrolumna melitensis ',312,2576,'Mifsud',1993),('Mitrolumna olivoidea ',312,2577,'Cantraine',1835),('Mitrolumna wilheminae ',312,2578,'Van Aartsen, Menkhorst & Gittenberger',1984),('Drilliola emendata ',312,2579,'Monterosato',1872),('Drilliola loprestiana ',312,2580,'Calcara',1841),('Lienardia mighelsi ',312,2581,'Iredale & Tomlin',1917),('Mangelia angelinae ',312,2582,'Cecalupo & Quadri',1996),('Mangelia attenuata ',312,2583,'Montagu',1803),('Mangelia barashi ',312,2584,'Van Aartsen & Fehr de Wal',1978),('Mangelia bertrandii ',312,2585,'Payraudeau',1826),('Mangelia brusinae ',312,2586,'Van Aartsen & Fehr de Wal',1978),('Mangelia callosa ',312,2587,'Nordsieck F.',1977),('Mangelia coarctata ',312,2588,'Forbes',1840),('Mangelia costata ',312,2589,'Donovan',1804),('Mangelia costulata ',312,2590,'Blainville',1829),('Mangelia derelicta ',312,2591,'Reeve',1846),('Mangelia difficilis ',312,2592,'Locard & Caziot',1900),('Mangelia farina ',312,2593,'Nordsieck F.',1977),('Mangelia fieldeni ',312,2594,'Van Aartsen & Fehr de Wal',1978),('Mangelia goodallii ',312,2595,'Reeve',1846),('Mangelia jerbaensis ',312,2596,'Della Bella & Spada in Chirli',1997),('Mangelia multilineolata ',312,2597,'Deshayes',1835),('Mangelia nuperrima ',312,2598,'Tiberi',1855),('Mangelia paciniana ',312,2599,'Calcara',1839),('Mangelia pallaryi ',312,2600,'Nordsieck F.',1977),('Mangelia payraudeaui ',312,2601,'Deshayes',1835),('Mangelia pontica ',312,2602,'Milaschewitch',1908),('Mangelia sandrii ',312,2603,'Brusina',1865),('Mangelia scabrida ',312,2604,'Monterosato',1890),('Mangelia secreta ',312,2605,'Van Aartsen & Fehr de Wal',1978),('Mangelia serga ',312,2606,'Dall',1881),('Mangelia sicula ',312,2607,'Reeve',1846),('Mangelia stossiciana ',312,2608,'Brusina',1869),('Mangelia striolata ',312,2609,'Risso',1826),('Mangelia taeniata ',312,2610,'Deshayes',1835),('Mangelia tenuicostata ',312,2611,'Brugnone',1868),('Mangelia unifasciata ',312,2612,'Deshayes',1835),('Mangelia vauquelini ',312,2613,'Payraudeau',1826),('Bela brachystoma ',312,2614,'Philippi',1844),('Bela cycladensis ',312,2615,'Reeve',1845),('Bela decussata ',312,2616,'Locard',1897),('Bela fuscata ',312,2617,'Deshayes',1836),('Bela laevigata ',312,2618,'Philippi',1836),('Bela menkhorsti ',312,2619,'Van Aartsen',1988),('Bela nebula ',312,2620,'Montagu',1803),('Bela oceanica ',312,2621,'Locard',1897),('Bela ornata ',312,2622,'Locard',1897),('Bela septenvillei ',312,2623,'Dautzenberg',1913),('Bela taprurensis ',312,2624,'Pallary',1904),('Bela zenetouae ',312,2625,'Van Aartsen',1988),('Bela zonata ',312,2626,'Locard',1892),('Aphanitoma mariottinii ',312,2627,'Smriglio, Rufini & Martin Perez',2001),('Benthomangelia macra ',312,2628,'Watson',1881),('Clathromangelia granum ',312,2629,'Philippi',1844),('Clathromangelia loiselieri ',312,2630,'Oberling',1970),('Clathromangelia strigilata ',312,2631,'Pallary',1904),('Conopleura aliena ',312,2632,'Smriglio, Mariottini & Calascibetta',1999),('Gymnobela abyssorum ',312,2633,'Locard',1897),('Gymnobela subaraneosa ',312,2634,'Dautzenberg & Fischer H.',1896),('Lusitanops cingulata ',312,2635,'Bouchet & Warén',1980),('Lusitanops hyaloides ',312,2636,'Dautzenberg',1925),('Pleurotomella coeloraphe ',312,2637,'Dautzenberg & Fischer H.',1896),('Pleurotomella demosia ',312,2638,'Dautzenberg & Fischer H.',1896),('Pleurotomella eurybrocha ',312,2639,'Dautzenberg & Fischer H.',1896),('Pleurotomella gibbera ',312,2640,'Bouchet & Warén',1980),('Pleurotomella packardi ',312,2641,'Verrill',1872),('Raphitoma aequalis ',312,2642,'Jeffreys',1867),('Raphitoma alternans ',312,2643,'Monterosato',1884),('Raphitoma arnoldi ',312,2644,'Pallary',1904),('Raphitoma atropurpurea ',312,2645,'Locard & Caziot',1900),('Raphitoma bicolor ',312,2646,'Risso',1826),('Raphitoma bofilliana ',312,2647,'Sulliotti',1889),('Raphitoma bracteata ',312,2648,'Pallary',1904),('Raphitoma concinna ',312,2649,'Scacchi',1836),('Raphitoma contigua ',312,2650,'Monterosato',1884),('Raphitoma corbis ',312,2651,'Potiez & Michaud',1838),('Raphitoma cordieri ',312,2652,'Payraudeau',1826),('Raphitoma cylindracea ',312,2653,'Locard & Caziot',1900),('Raphitoma densa ',312,2654,'Monterosato',1884),('Raphitoma echinata ',312,2655,'Brocchi',1814),('Raphitoma erronea ',312,2656,'Monterosato',1884),('Raphitoma fallax ',312,2657,'Forbes',1844),('Raphitoma horrida ',312,2658,'Monterosato',1884),('Raphitoma intermedia ',312,2659,'Nordsieck F.',1977),('Raphitoma laviae ',312,2660,'Philippi',1844),('Raphitoma leufroyi ',312,2661,'Michaud',1828),('Raphitoma linearis ',312,2662,'Montagu',1803),('Raphitoma lineolata ',312,2663,'Bucquoy, Dautzenberg & Dollfus',1883),('Raphitoma mirabilis ',312,2664,'Pallary',1904),('Raphitoma neapolitana ',312,2665,'Nordsieck F.',1977),('Raphitoma nivea ',312,2666,'Marshall in Sykes',1906),('Raphitoma papillosa ',312,2667,'Pallary',1904),('Raphitoma philberti ',312,2668,'Michaud',1829),('Raphitoma pruinosa ',312,2669,'Pallary',1906),('Raphitoma pseudohystrix ',312,2670,'Sykes',1906),('Raphitoma pupoides ',312,2671,'Monterosato',1884),('Taranis laevisculpta ',312,2672,'Monterosato',1880),('Taranis moerchi ',312,2673,'Malm',1863),('Taranis sp. ',312,2674,'Giribet & Peñas',1997),('Teretia teres ',312,2675,'Reeve',1844),('Xanthodaphne dalmasi ',312,2676,'Dautzenberg & Fischer H.',1897),('Conus desidiosus ',312,2677,'Adams A.',1854),('Conus mediterraneus ',312,2678,'Hwass in Bruguière',1792),('Conus vayssierei ',312,2679,'Pallary',1906),('Rissoella diaphana ',313,2680,'Alder',1848),('Rissoella globularis ',313,2681,'Forbes & Hanley',1853),('Rissoella inflata ',313,2682,'Locard',1892),('Rissoella opalina ',313,2683,'Jeffreys',1848),('Omalogyra atomus ',314,2684,'Philippi',1841),('Omalogyra simplex ',314,2685,'Costa O.G.',1861),('Ammonicera fischeriana ',314,2686,'Monterosato',1869),('Ammonicera rota ',314,2687,'Forbes & Hanley',1850),('Retrotortina fuscata ',314,2688,'Chaster',1896),('Xylodiscula boucheti ',315,2689,'Warén, Carrozza & Rocchini in Warén',1992),('Xylodiscula lens ',315,2690,'Warén',1992),('Tomura depressa ',316,2691,'Granata-Grillo',1877),('Hyalogyra zibrowii ',317,2692,'Warén',1997),('Hyalogyrina amphorae ',317,2693,'Warén, Carrozza &  Rocchini',1997),('Xenoskenea pellucida ',317,2694,'Monterosato',1874),('Basisulcata lepida ',318,2695,'Bayer',1942),('Discotectonica discus ',318,2696,'Philippi',1844),('Solatisonax bannocki ',318,2697,'Melone & Taviani',1980),('Heliacus alleryi ',318,2698,'Seguenza G.',1876),('Heliacus contextus ',318,2699,'Seguenza L.',1902),('Heliacus jeffreysianus ',318,2700,'Tiberi',1867),('Heliacus subvariegatus ',318,2701,'D\'Orbigny',1852),('Philippia hybrida ',318,2702,'Linné',1758),('Pseudomalaxis zancleus ',318,2703,'Philippi',1844),('Pseudotorinia architae ',318,2704,'Costa O.G.',1841),('Spirolaxis clenchi ',318,2705,'Jaume & Borro',1946),('Mathilda cochlaeformis ',319,2706,'Brugnone',1873),('Mathilda coronata ',319,2707,'Monterosato',1875),('Mathilda gemmulata ',319,2708,'Semper',1865),('Mathilda quadricarinata ',319,2709,'Brocchi',1814),('Mathilda retusa ',319,2710,'Brugnone',1873),('Gegania jeffreysi ',319,2711,'Dall',1889),('Clathrella clathrata ',320,2712,'Philippi',1844),('Leucotina cfr. eva ',320,2713,'Thiele',1925),('Eulimella acicula ',320,2714,'Philippi',1836),('Eulimella ataktos ',320,2715,'Warén',1991),('Eulimella bogii ',320,2716,'Van Aartsen',1994),('Eulimella cerullii ',320,2717,'Cossmann',1915),('Eulimella cossignaniorum ',320,2718,'Van Aartsen',1994),('Eulimella neoattenuata ',320,2719,'Gaglini',1992),('Eulimella perangusta ',320,2720,'Gaglini',1992),('Eulimella scillae ',320,2721,'Scacchi',1835),('Eulimella subcylindrata ',320,2722,'Dunker in Weinkauff',1862),('Eulimella superflua ',320,2723,'Monterosato',1875),('Eulimella turris ',320,2724,'Forbes',1844),('Eulimella unifasciata ',320,2725,'Forbes',1844),('Eulimella ventricosa ',320,2726,'Forbes',1844),('Bacteridium carinatum ',320,2727,'De Folin',1870),('Puposyrnola minuta ',320,2728,'Adams H.',1869),('Tiberia minuscula ',320,2729,'Monterosato',1880),('Tiberia octaviana ',320,2730,'Di Geronimo',1973),('Odostomia aartseni ',320,2731,'Nofroni',1988),('Odostomia acuta ',320,2732,'Jeffreys',1848),('Odostomia angusta ',320,2733,'Jeffreys',1867),('Odostomia barashi ',320,2734,'Bogi & Galil',2000),('Odostomia carrozzai ',320,2735,'Van Aartsen',1987),('Odostomia eulimoides ',320,2736,'Hanley',1844),('Odostomia imponderabilior ',320,2737,'Oberling',1970),('Odostomia lukisii ',320,2738,'Jeffreys',1859),('Odostomia megerlei ',320,2739,'Locard',1886),('Odostomia nardoi ',320,2740,'Brusina',1869),('Odostomia plicata ',320,2741,'Montagu',1803),('Odostomia scalaris ',320,2742,'Mac Gillivray',1843),('Odostomia silesui ',320,2743,'Nofroni',1988),('Odostomia striolata ',320,2744,'Forbes & Hanley',1850),('Odostomia suboblonga ',320,2745,'Jeffreys',1884),('Odostomia turriculata ',320,2746,'Monterosato',1869),('Odostomia turrita ',320,2747,'Hanley',1844),('Odostomia unidentata ',320,2748,'Montagu',1803),('Odostomia verduini ',320,2749,'Van Aartsen',1987),('Odostomia erjaveciana ',320,2750,'Brusina',1869),('Odostomia fusulus ',320,2751,'Monterosato',1878),('Odostomia ignorata ',320,2752,'Monterosato',1917),('Odostomia nofronii ',320,2753,'Buzzurro',2002),('Odostomia rutor ',320,2754,'Nofroni & Schander',1994),('Odostomia nitens ',320,2755,'Jeffreys',1870),('Odostomia conoidea ',320,2756,'Brocchi',1814),('Odostomia conspicua ',320,2757,'Alder',1850),('Odostomia lorioli ',320,2758,'Hornung & Mermod',1924),('Odostomia sicula ',320,2759,'Philippi',1851),('Odostomia sp. ',320,2760,'Giunchi, Micali & Tisselli',2001),('Brachystomia lorellae ',320,2761,'Micali',1987),('Chrysallida angulosa ',320,2762,'Monterosato',1889),('Chrysallida brattstroemi ',320,2763,'Warén',1991),('Chrysallida brevicula ',320,2764,'Jeffreys',1883),('Chrysallida clathrata ',320,2765,'Jeffreys',1848),('Chrysallida decussata ',320,2766,'Montagu',1803),('Chrysallida dentata ',320,2767,'Nordsieck F.',1972),('Chrysallida dollfusi ',320,2768,'Kobelt',1903),('Chrysallida emaciata ',320,2769,'Brusina',1866),('Chrysallida eximia ',320,2770,'Jeffreys',1849),('Chrysallida fenestrata ',320,2771,'Jeffreys',1848),('Chrysallida fischeri ',320,2772,'Hornung & Mermod',1925),('Chrysallida flexuosa ',320,2773,'Monterosato',1874),('Chrysallida incerta ',320,2774,'Milaschewitch',1916),('Chrysallida indistincta ',320,2775,'Montagu',1808),('Chrysallida intermixta ',320,2776,'Monterosato',1884),('Chrysallida interstincta ',320,2777,'Adams J.',1797),('Chrysallida juliae ',320,2778,'De Folin',1872),('Chrysallida limitum ',320,2779,'Brusina',1876),('Chrysallida marthinae ',320,2780,'Nofroni & Schander',1994),('Chrysallida monozona ',320,2781,'Brusina',1869),('Chrysallida monterosatii ',320,2782,'Clessin',1900),('Chrysallida moolenbeeki ',320,2783,'Amati',1987),('Chrysallida multicostata ',320,2784,'Jeffreys',1884),('Chrysallida nivosa ',320,2785,'Montagu',1803),('Chrysallida obtusa ',320,2786,'Brown T.',1827),('Chrysallida palazzii ',320,2787,'Micali',1984),('Chrysallida pellucida ',320,2788,'Dillwyn',1817),('Chrysallida penchynati ',320,2789,'Bucquoy, Dautzenberg & Dollfus',1883),('Chrysallida cfr. pirintella ',320,2790,'Melvill',1910),('Chrysallida pontica ',320,2791,'Grossu',1986),('Chrysallida rinaldii ',320,2792,'Micali & Nofroni',2004),('Chrysallida sigmoidea ',320,2793,'Monterosato',1880),('Chrysallida stefanisi ',320,2794,'Jeffreys',1869),('Chrysallida suturalis ',320,2795,'Philippi',1844),('Chrysallida terebellum ',320,2796,'Philippi',1844),('Chrysallida sp. ',320,2797,'1 Buzzurro & Nofroni',1995),('Folinella excavata ',320,2798,'Philippi',1836),('Folinella ghisottii ',320,2799,'Van Aartsen',1984),('Cingulina isseli ',320,2800,'Tryon',1886),('Liostomia afzelii ',320,2801,'Warén',1991),('Liostomia clavula ',320,2802,'Lovén',1846),('Liostomia hansgei ',320,2803,'Warén',1991),('Liostomia mamoi ',320,2804,'Mifsud',1993),('Liostomia sp. ',320,2805,'Bogi & Bella',1997),('Odostomella doliolum ',320,2806,'Philippi',1844),('Odostomella jeffreysiana ',320,2807,'Monterosato',1884),('Ondina anceps ',320,2808,'Gaglini',1992),('Ondina crystallina ',320,2809,'Locard',1892),('Ondina diaphana ',320,2810,'Jeffreys',1848),('Ondina divisa ',320,2811,'Adams J.',1797),('Ondina monterosatoi ',320,2812,'Granata-Grillo',1877),('Ondina neocrystallina ',320,2813,'Gaglini',1992),('Ondina obliqua ',320,2814,'Alder',1844),('Ondina vitrea ',320,2815,'Brusina',1866),('Ondina warreni ',320,2816,'Thompson',1845),('Miralda elegans ',320,2817,'De Folin',1870),('Iolaea neofelixoides ',320,2818,'Nomura',1936),('Noemiamea dolioliformis ',320,2819,'Jeffreys',1848),('Hinemoa cylindrica ',320,2820,'De Folin',1879),('Oscilla jocosa ',320,2821,'Melvill',1904),('Syrnola beatrix ',320,2822,'Melvill',1911),('Syrnola cinctella ',320,2823,'Adams A.',1860),('Syrnola fasciata ',320,2824,'Jickeli',1882),('Syrnola wenzi ',320,2825,'Nordsieck F.',1972),('Turbonilla abrardi ',320,2826,'Fischer & Nicklès',1946),('Turbonilla acuta ',320,2827,'Donovan',1804),('Turbonilla acutissima ',320,2828,'Monterosato',1884),('Turbonilla amoena ',320,2829,'Monterosato',1878),('Turbonilla edgari ',320,2830,'Melville',1896),('Turbonilla fulgidula ',320,2831,'Jeffreys',1884),('Turbonilla gradata ',320,2832,'Bucquoy, Dautzenberg & Dollfus',1883),('Turbonilla guernei ',320,2833,'Dautzenberg',1889),('Turbonilla hamata ',320,2834,'Nordsieck F.',1972),('Turbonilla internodula ',320,2835,'Wood S.',1848),('Turbonilla jeffreysi ',320,2836,'Jeffreys',1848),('Turbonilla lactea ',320,2837,'Linné',1758),('Turbonilla magnifica ',320,2838,'Seguenza G.',1879),('Turbonilla micans ',320,2839,'Monterosato',1875),('Turbonilla multilirata ',320,2840,'Monterosato',1875),('Turbonilla obliquata ',320,2841,'Philippi',1844),('Turbonilla paucistriata ',320,2842,'Jeffreys',1884),('Turbonilla postacuticostata ',320,2843,'Sacco',1892),('Turbonilla pseudogradata ',320,2844,'Nordsieck F.',1972),('Turbonilla pumila ',320,2845,'Seguenza G.',1876),('Turbonilla pusilla ',320,2846,'Philippi',1844),('Turbonilla rectogallica ',320,2847,'Sacco',1892),('Turbonilla rosewateri ',320,2848,'Corgan & Van Aartsen',1993),('Turbonilla rufa ',320,2849,'Philippi',1836),('Turbonilla sinuosa ',320,2850,'Jeffreys',1884),('Turbonilla striatula ',320,2851,'Linné',1758),('Turbonilla subulina ',320,2852,'Monterosato',1889),('Turbonilla syrtensis ',320,2853,'Van Aartsen',1981),('Careliopsis modesta ',320,2854,'De Folin',1870),('Pseudographis cachiai ',320,2855,'Mifsud',1998),('Monotygma amoena ',320,2856,'Adams A.',1851),('Monotygma fulva ',320,2857,'Mac Andrei',1870),('Euparthenia bulinea ',320,2858,'Lowe',1841),('Euparthenia humboldti ',320,2859,'Risso',1826),('Ebala eulimoides ',321,2860,'Feki',1969),('Ebala gracillima ',321,2861,'De Folin',1869),('Ebala nitidissima ',321,2862,'Montagu',1803),('Ebala pointeli ',321,2863,'De Folin',1867),('Ebala striatula ',321,2864,'Jeffreys',1856),('Ebala trigonostoma ',321,2865,'De Folin',1869),('Murchisonella columna ',321,2866,'Hedley',1907),('Tjaernoeia exquisita ',322,2867,'Jeffreys',1883),('Tjaernoeia imperspicua ',322,2868,'Chaster',1895),('Tjaernoeia unisulcata ',322,2869,'Chaster',1896),('Orbitestella dariae ',323,2870,'Liuzzi & Stolfa Zucchi',1979),('Lurifax vitreus ',323,2871,'Warén & Bouchet',2001),('Acteon monterosatoi ',324,2872,'Dautzenberg',1989),('Acteon tornatilis ',324,2873,'Linné',1758),('Callostracon tyrrhenicum ',324,2874,'Smriglio & Mariottini',1996),('Crenilabium exile ',324,2875,'Jeffreys',1870),('Japonacteon pusillus ',324,2876,'Mac Gillivray',1843),('Liocarenus globulinus ',324,2877,'Forbes',1844),('Diaphana cretica ',325,2878,'Forbes',1844),('Diaphana expansa ',325,2879,'Jeffreys',1865),('Diaphana lactea ',325,2880,'Jeffreys',1877),('Diaphana minuta ',325,2881,'Brown',1827),('Diaphana quadrata ',325,2882,'Monterosato',1873),('Colpodaspis pusilla ',325,2883,'Sars M.',1870),('Rhinodiaphana ventrosa ',325,2884,'Jeffreys',1865),('Retusa candidula ',326,2885,'Locard',1892),('Retusa dilatata ',326,2886,'Pallary',1904),('Retusa fourieri ',326,2887,'Audouin',1826),('Retusa leptoeneilema ',326,2888,'Brusina',1866),('Retusa mammillata ',326,2889,'Philippi',1836),('Retusa minutissima ',326,2890,'Monterosato',1878),('Retusa obtusa ',326,2891,'Montagu',1803),('Retusa pellucida ',326,2892,'Sars G.O.',1878),('Retusa truncatula ',326,2893,'Bruguière',1792),('Cylichnina crebrisculpta ',326,2894,'Monterosato',1884),('Cylichnina girardi ',326,2895,'Audouin',1826),('Cylichnina laevisculpta ',326,2896,'Granata-Grillo',1877),('Cylichnina cfr. mongii ',326,2897,'Audouin',1827),('Cylichnina multiquadrata ',326,2898,'Oberling',1970),('Cylichnina nitidula ',326,2899,'Lovén',1846),('Cylichnina umbilicata ',326,2900,'Montagu',1803),('Pyrunculus ovatus ',326,2901,'Jeffreys',1871),('Volvulella acuminata ',326,2902,'Bruguière',1792),('Ringicula auriculata ',327,2903,'Ménard de la Groye',1811),('Ringicula ciommei ',327,2904,'Mariottini, Smriglio & Oliverio',2000),('Ringicula conformis ',327,2905,'Monterosato',1877),('Ringicula gianninii ',327,2906,'Nordsieck F.',1974),('Ringicula leptocheila ',327,2907,'Brugnone',1873),('Bulla ampulla ',328,2908,'Linné',1758),('Bulla amygdala ',328,2909,'Dillwyn',1817),('Bulla pinguicola ',328,2910,'Seguenza G.',1880),('Bulla roperiana ',328,2911,'Pilsbry',1893),('Bulla striata ',328,2912,'Bruguière',1792),('Haminoea callidegenita ',329,2913,'Gibson & Chia',1989),('Haminoea cymoelium ',329,2914,'Monterosato',1923),('Haminoea exigua ',329,2915,'Schaefer',1992),('Haminoea fusari ',329,2916,'Alvarez, Garcia & Villani',1993),('Haminoea hydatis ',329,2917,'Linné',1758),('Haminoea navicula ',329,2918,'Da Costa',1778),('Haminoea orbignyana ',329,2919,'Férussac',1822),('Haminoea orteai ',329,2920,'Talavera, Murillo & Templado',1987),('Atys blainvilliana ',329,2921,'Récluz',1843),('Atys brocchii ',329,2922,'Michelotti',1847),('Atys jeffreysi ',329,2923,'Weinkauff',1868),('Weinkauffia turgidula ',329,2924,'Forbes',1844),('Philine angulata ',330,2925,'Jeffreys',1867),('Philine aperta ',330,2926,'Linné',1767),('Philine catena ',330,2927,'Montagu',1803),('Philine denticulata ',330,2928,'Adams J.',1800),('Philine intricata ',330,2929,'Monterosato',1875),('Philine lima ',330,2930,'Brown',1827),('Philine iris ',330,2931,'Tringali',2001),('Philine monterosati ',330,2932,'Monterosato',1874),('Philine punctata ',330,2933,'Adams J.',1800),('Philine quadrata ',330,2934,'Wood S.',1839),('Philine scabra ',330,2935,'Mueller',1784),('Philine striatula ',330,2936,'Monterosato',1874),('Johania retifera ',330,2937,'Forbes',1844),('Laona finmarchica ',330,2938,'Sars M.',1858),('Laona flexuosa ',330,2939,'Sars M.',1870),('Laona pruinosa ',330,2940,'Clark',1827),('Akera bullata ',331,2941,'Mueller O.F.',1776),('Cylichna alba ',332,2942,'Brown',1827),('Cylichna crossei ',332,2943,'Bucquoy, Dautzenberg & Dollfus',1886),('Cylichna cylindracea ',332,2944,'Pennant',1777),('Cylichna hoernesii ',332,2945,'Weinkauff',1866),('Cylichna parvula ',332,2946,'Jeffreys',1883),('Acteocina knockeri ',332,2947,'Smith E. A.',1872),('Acteocina mucronata ',332,2948,'Philippi',1849),('Acteocina pontica ',332,2949,'Grossu',1986),('Roxania monterosatoi ',332,2950,'Dautzenberg & Fischer H.',1896),('Roxania semilaevis ',332,2951,'Seguenza G.',1880),('Roxania utriculus ',332,2952,'Brocchi',1814),('Scaphander lignarius ',332,2953,'Linné',1758),('Scaphander gracilis ',332,2954,'Watson',1886),('Scaphander punctostriatus ',332,2955,'Mighels & Adams',1842),('Gastropteron meckeli ',333,2956,'Kosse',1813),('Cavolinia gibbosa gibbosa ',334,2957,'D\'Orbigny',1835),('Cavolinia gibbosa flava ',334,2958,'D\'Orbigny',1835),('Cavolinia inflexa ',334,2959,'Lesueur',1813),('Cavolinia longirostris ',334,2960,'Lesueur',1821),('Cavolinia tridentata ',334,2961,'Niebuhr',1775),('Cavolinia uncinata ',334,2962,'Rang',1829),('Diacria quadridentata ',334,2963,'Lesueur',1821),('Diacria trispinosa ',334,2964,'Lesueur',1821),('Clio cuspidata ',334,2965,'Bosc',1802),('Clio pyramidata ',334,2966,'Linné',1767),('Creseis acicula ',334,2967,'Rang',1828),('Creseis chierchiae ',334,2968,'Boas',1886),('Creseis virgula ',334,2969,'Rang',1828),('Hyalocylis obtusa ',334,2970,'Di Geronimo',1974),('Hyalocylis striata ',334,2971,'Rang',1828),('Styliola subula ',334,2972,'Quoy & Gaimard',1827),('Cuvierina columnella ',334,2973,'Rang',1827),('Limacina bulimoides ',335,2974,'D\'Orbigny',1836),('Limacina inflata ',335,2975,'D\'Orbigny',1836),('Limacina lesueurii ',335,2976,'D\'Orbigny',1836),('Limacina retroversa ',335,2977,'Fleming',1823),('Limacina trochiformis ',335,2978,'D\'Orbigny',1836),('Peracle bispinosa ',336,2979,'Pelseneer',1888),('Peracle diversa ',336,2980,'Monterosato',1875),('Peracle reticulata ',336,2981,'D\'Orbigny',1836),('Oxynoe olivacea ',337,2982,'Rafinesque',1814),('Lobiger serradifalci ',337,2983,'Calcara',1840),('Ascobulla fragilis ',338,2984,'Jeffreys',1856),('Umbraculum umbraculum ',339,2985,'Roeding',1798),('Spiricella unguiculus ',339,2986,'Rang',1828),('Tylodina perversa ',340,2987,'Gmelin',1791),('Anidolyta duebeni ',340,2988,'Lovén',1846),('Notarcus indicus  ',341,2989,'Schweigger',1820),('Notarcus punctatus  ',341,2990,'Philippi',1836),('Pleurobranchus forskalii ',342,2991,'Rueppell & Leuckart',1830),('Pleurobranchus membranaceus ',342,2992,'Montagu',1815),('Pleurobranchus testudinarius ',342,2993,'Cantraine',1835),('Berthella aurantiaca ',342,2994,'Risso',1818),('Berthella elongata ',342,2995,'Cantraine',1835),('Berthella ocellata ',342,2996,'Delle Chiaje',1830),('Berthella plumula ',342,2997,'Montagu',1803),('Berthella stellata ',342,2998,'Risso',1826),('Berthellina citrina ',342,2999,'Rueppell & Leuckart',1830),('Aplysia depilans ',343,3000,'Gmelin',1791),('Aplysia juliana ',343,3001,'Quoy & Gaimard',1832),('Aplysia parvula ',343,3002,'Guilding in Moerch',1863),('Aplysia punctata ',343,3003,'Cuvier',1803),('Aplysia fasciata ',343,3004,'Pioret',1789),('Dolabrifera holboelli ',344,3005,'Bergh',1872),('Petalifera gravieri ',344,3006,'Vayssière',1906),('Petalifera petalifera ',344,3007,'Rang',1828),('Phyllaplysia lafonti ',344,3008,'Fischer P.',1870),('Siphonaria laciniosa ',345,3009,'Linné',1758),('Siphonaria pectinata ',345,3010,'Linné',1758),('Williamia gussonii ',345,3011,'Costa O.G.',1829),('Trimusculus mammillaris ',346,3012,'Linné',1758),('Pseudomelampus kochi ',347,3013,'Pallary',1900),('Auriculinella erosa ',347,3014,'Jeffreys',1830),('Ovatella firmini ',347,3015,'Payraudeau',1826),('Ovatella myosotis ',347,3016,'Draparnaud',1801),('Ovatella denticulata ',347,3017,'Montagu',1803),('Solemya togata ',348,3018,'Poli',1795),('Nucula decipiens ',349,3019,'Philippi',1844),('Nucula hanleyi ',349,3020,'Winckworth',1931),('Nucula nitidosa ',349,3021,'Winckworth',1930),('Nucula nucleus ',349,3022,'Linné',1758),('Nucula perminima ',349,3023,'Monterosato',1875),('Nucula sulcata ',349,3024,'Bronn',1831),('Nucula tumidula ',349,3025,'Malm',1860),('Ennucula aegeensis ',349,3026,'Forbes',1844),('Ennucula corbuloides ',349,3027,'Seguenza G.',1877),('Nuculoma tenuis ',349,3028,'Montagu',1808),('Pristigloma minima ',350,3029,'Seguenza G.',1877),('Nuculana illirica ',351,3030,'Carrozza',1987),('Nuculana minuta ',351,3031,'Mueller O.F.',1776),('Lembulus pellus ',351,3032,'Linné',1767),('Microgloma guilonardi ',351,3033,'Hoeksema',1993),('Microgloma pusilla ',351,3034,'Jeffreys',1879),('Microgloma tumidula ',351,3035,'Monterosato',1880),('Saccella commutata ',351,3036,'Philippi',1844),('Ketadesma cuneata ',352,3037,'Jeffreys',1876),('Pseudomalletia pianii ',352,3038,'Van Aartesen & Giannuzzi-Savelli',1991),('Neilonella striolata ',353,3039,'Brugnone',1877),('Yoldia micrometrica ',353,3040,'Seguenza G.',1877),('Yoldiella lucida ',353,3041,'Lovén',1846),('Yoldiella messanensis ',353,3042,'Jeffreys',1870),('Yoldiella nana ',353,3043,'Sars M.',1865),('Yoldiella philippiana ',353,3044,'Nyst',1845),('Yoldiella seguenzae ',353,3045,'Bonfitto & Sabelli',1995),('Arca noae ',354,3046,'Linné',1758),('Arca tetragona ',354,3047,'Poli',1795),('Acar clathrata ',354,3048,'Defrance',1816),('Asperarca magdalenae ',354,3049,'La Perna',1998),('Asperarca nodulosa ',354,3050,'Mueller O.F.',1776),('Asperarca secreta ',354,3051,'La Perna',1998),('Barbatia barbata ',354,3052,'Linné',1758),('Anadara corbuloides ',354,3053,'Monterosato',1878),('Anadara polii ',354,3054,'Mayer',1868),('Bathyarca glacialis ',354,3055,'Gray J.E.',1824),('Bathyarca pectunculoides ',354,3056,'Scacchi',1834),('Bathyarca philippiana ',354,3057,'Nyst',1848),('Scapharca demiri ',354,3058,'Piani',1981),('Scapharca inaequivalvis ',354,3059,'Bruguière',1789),('Scapharca natalensis ',354,3060,'Krauss',1848),('Striarca lactea ',354,3061,'Linné',1758),('Limopsis angusta ',355,3062,'Jeffreys',1879),('Limopsis aurita ',355,3063,'Brocchi',1814),('Limopsis friedbergi ',355,3064,'Glibert & Van de Poel',1965),('Limopsis minuta ',355,3065,'Philippi',1836),('Limopsis multistriata ',355,3066,'Forskål',1775),('Limopsis tenuis ',355,3067,'Seguenza G.',1876),('Glycymeris arabica ',356,3068,'Adams H.',1870),('Glycymeris bimaculata ',356,3069,'Poli',1795),('Glycymeris glycymeris ',356,3070,'Linné',1758),('Glycymeris insubrica ',356,3071,'Brocchi',1814),('Mytilus edulis ',357,3072,'Linné',1758),('Mytilus galloprovincialis ',357,3073,'Lamarck',1819),('Brachidontes pharaonis ',357,3074,'Fischer P.',1870),('Mytilaster lineatus ',357,3075,'Gmelin',1791),('Mytilaster marioni ',357,3076,'Locard',1889),('Mytilaster minimus ',357,3077,'Poli',1795),('Mytilaster solidus ',357,3078,'Monterosato',1872),('Perna perna ',357,3079,'Linné',1758),('Crenella arenaria ',357,3080,'Monterosato',1875),('Crenella pellucida ',357,3081,'Jeffreys',1850),('Gregariella petagnae ',357,3082,'Scacchi',1832),('Gregariella semigranata ',357,3083,'Reeve',1858),('Modiolarca subpicta ',357,3084,'Cantraine',1835),('Musculista perfragilis ',357,3085,'Dunker',1856),('Musculista senhousia ',357,3086,'Benson in Cantor',1842),('Musculus costulatus ',357,3087,'Risso',1826),('Musculus discors ',357,3088,'Linné',1767),('Rhomboidella prideaux  ',357,3089,'Leach',1815),('Lithophaga lithophaga ',357,3090,'Linné',1758),('Myoforceps aristata ',357,3091,'Dillwyn',1817),('Modiolus auriculatus ',357,3092,'Krauss',1848),('Modiolus barbatus ',357,3093,'Linné',1758),('Modiolus adriaticus ',357,3094,'Lamarck',1819),('Modiolus lulat ',357,3095,'Dautzenberg',1891),('Modiolus martorelli ',357,3096,'Hidalgo',1878),('Amygdalum agglutinans ',357,3097,'Cantraine',1835),('Amygdalum politum ',357,3098,'Verrill & Smith',1880),('Dacrydium hyalinum ',357,3099,'Monterosato',1875),('Idas modiolaeformis ',357,3100,'Sturany',1896),('Idas sp. ',357,3101,'1 Giannuzzi-Savelli, Pusateri, Palmeri, Ebreo',2001),('Idasola ghisottii ',357,3102,'Warén & Carrozza',1990),('Idasola simpsoni ',357,3103,'Marshall',1900),('Modiolula phaseolina ',357,3104,'Philippi',1844),('Xenostrobus securis ',357,3105,'Lamarck',1819),('Pinna nobilis ',358,3106,'Linné',1758),('Pinna rudis ',358,3107,'Linné',1758),('Atrina fragilis ',358,3108,'Pennant',1777),('Pteria hirundo ',359,3109,'Linné',1758),('Pinctada radiata ',359,3110,'Leach',1814),('Malleus regulus ',360,3111,'Forskål',1775),('Malleus sp. ',360,3112,'Cecalupo & Quadri',1994),('Pecten jacobeus ',361,3113,'Linné',1758),('Pecten maximum ',361,3114,'Linné',1758),('Delectopecten vitreus ',361,3115,'Gmelin',1791),('Lissopecten hyalinus ',361,3116,'Poli',1795),('Palliolum incomparabile ',361,3117,'Risso',1826),('Palliolum striatum ',361,3118,'Mueller O.F.',1776),('Palliolum tigerinum ',361,3119,'Mueller O.F.',1776),('Placopecten magellanicus ',361,3120,'Gmelin',1791),('Pseudamussium clavatum ',361,3121,'Poli',1795),('Pseudamussium septemradiatum ',361,3122,'Mueller O.F.',1776),('Similipecten similis ',361,3123,'Laskey',1811),('Aequipecten lischkei ',361,3124,'Dunker',1850),('Aequipecten opercularis ',361,3125,'Linné',1758),('Aequipecten commutatus ',361,3126,'Monterosato',1875),('Crassadoma pusio ',361,3127,'Linné',1758),('Crassadoma multistriata ',361,3128,'Poli',1795),('Flexopecten flexuosus ',361,3129,'Poli',1795),('Flexopecten glaber ',361,3130,'Linné',1758),('Flexopecten proteus ',361,3131,'Dillwyn',1817),('Manupecten pesfelis ',361,3132,'Linné',1758),('Mimachlamys bruei ',361,3133,'Payraudeau',1826),('Mimachlamys varia ',361,3134,'Linné',1758),('Cyclopecten brundisiensis ',361,3135,'Smriglio & Mariottini',1990),('Cyclopecten hoskynsi ',361,3136,'Forbes',1844),('Propeamussium fenestratum ',361,3137,'Forbes',1844),('Propeamussium lucidum ',361,3138,'Wyville-Thompson',1873),('Spondylus gaederopus ',362,3139,'Linné',1758),('Spondylus groschi ',362,3140,'Lamprell & Kilburn',1995),('Spondylus limbatus ',362,3141,'Sowerby G.B. II',1847),('Spondylus cfr. multisetosus ',362,3142,'Reeve',1856),('Spondylus nicobaricus ',362,3143,'Schreibers',1793),('Spondylus spectrum ',362,3144,'Reeve',1856),('Spondylus spinosus ',362,3145,'Schreibers',1793),('Spondylus sp. ',362,3146,'Ceviker',2001),('Spondylus gussonii ',362,3147,'Costa O.G.',1829),('Anomia ephippium ',363,3148,'Linné',1758),('Pododesmus squamula ',363,3149,'Linné',1758),('Pododesmus aculeatus ',363,3150,'Mueller O.F.',1776),('Pododesmus glaucus ',363,3151,'Monterosato',1884),('Pododesmus patelliformis ',363,3152,'Linné',1758),('Pododesmus squama ',363,3153,'Gmelin',1791),('Lima lima ',364,3154,'Linné',1758),('Lima marioni ',364,3155,'Fischer P.',1888),('Lima hians ',364,3156,'Gmelin',1791),('Lima tuberculata ',364,3157,'Olivi',1792),('Acesta excavata ',364,3158,'Fabricius J.C.',1779),('Limatula gwyni ',364,3159,'Sykes',1903),('Limatula subauriculata ',364,3160,'Montagu',1808),('Limatula subovata ',364,3161,'Jeffreys',1876),('Limea loscombi ',364,3162,'Sowerby G.B. I',1823),('Notolimea clandestina ',364,3163,'Salas',1994),('Notolimea crassa ',364,3164,'Forbes',1844),('Ostrea edulis ',365,3165,'Linné',1758),('Crassostrea gigas ',365,3166,'Thunberg',1793),('Crassostrea virginica ',365,3167,'Gmelin',1791),('Saccostrea commercialis ',365,3168,'Iredale & Roughley',1933),('Ostreola stentina ',365,3169,'Payraudeau',1826),('Dendostrea frons ',365,3170,'Linné',1758),('Neopycnodonte cochlear ',366,3171,'Poli',1795),('Ctena decussata ',367,3172,'Costa O.G.',1829),('Loripes lucinalis ',367,3173,'Lamarck',1818),('Megaxinus unguiculinus ',367,3174,'Pallary',1904),('Myrtea amorpha ',367,3175,'Sturany',1896),('Myrtea spinifera ',367,3176,'Montagu',1803),('Lucinoma boreale ',367,3177,'Linné',1758),('Lucinoma spelaeum ',367,3178,'Palazzi & Villari',2001),('Anodontia fragilis ',367,3179,'Philippi',1836),('Divaricella angulifera ',367,3180,'Von Martens',1880),('Lucinella divaricata ',367,3181,'Linné',1758),('Thyasira alleni ',368,3182,'Carrozza',1981),('Thyasira biplicata ',368,3183,'Philippi',1836),('Thyasira granulosa ',368,3184,'Monterosato',1874),('Thyasira oblonga ',368,3185,'Monterosato',1878),('Thyasira obsoleta ',368,3186,'Verrill & Bush',1898),('Thyasira planata ',368,3187,'Jeffreys',1882),('Thyasira striata ',368,3188,'Sturany',1896),('Thyasira succisa ',368,3189,'Jeffreys',1876),('Axinulus croulinenesis ',368,3190,'Jeffreys',1847),('Axinulus cycladius ',368,3191,'Wood S.',1848),('Axinulus dilatatus ',368,3192,'Gaglini',1992),('Leptaxinus eumyarius ',368,3193,'Sars M.',1870),('Leptaxinus exintermedius ',368,3194,'Gaglini',1992),('Leptaxinus ferruginosus ',368,3195,'Forbes',1844),('Leptaxinus incrassatus ',368,3196,'Jeffreys',1876),('Leptaxinus subovatus ',368,3197,'Jeffreys',1881),('Ungulina cuneata ',369,3198,'Spengler',1782),('Diplodonta apicalis ',369,3199,'Philippi',1836),('Diplodonta brocchi ',369,3200,'Deshayes',1852),('Diplodonta intermedia ',369,3201,'Biondi',1859),('Diplodonta rotundata ',369,3202,'Montagu',1803),('Diplodonta subrotunda ',369,3203,'Issel',1869),('Chama circinata ',370,3204,'Monterosato',1878),('Chama gryphoides ',370,3205,'Linné',1758),('Chama pacifica ',370,3206,'Broderip',1834),('Pseudochama cornucopia ',370,3207,'Reeve',1846),('Pseudochama gryphina ',370,3208,'Lamarck',1819),('Galeomma turtoni ',371,3209,'Turton',1825),('Scintilla rotunda ',371,3210,'Jeffreys',1881),('Spaniorinus reconditus  ',371,3211,'Fischer P.',1872),('Vasconiella jeffreysiana ',371,3212,'Fischer P.',1873),('Kellia suborbicularis ',372,3213,'Montagu',1803),('Pseudopythina macandrewi ',372,3214,'Fischer P.',1867),('Bornia sebetia ',372,3215,'Costa O.G.',1829),('Lasaea rubra ',373,3216,'Montagu',1803),('Litigiella glabra ',373,3217,'Fischer P.',1873),('Litigiella corgani ',373,3218,'Van Aartsen',1997),('Scacchia oblonga ',373,3219,'Philippi',1836),('Hemilepton nitidum ',373,3220,'Turton',1822),('Lepton squamosum ',374,3221,'Montagu',1803),('Potidoma subtrigonum ',374,3222,'Fischer',1874),('Semeloidea geoffroyi ',374,3223,'Payraudeau',1826),('Montacuta cuneata ',375,3224,'Monterosato',1875),('Montacuta substriata ',375,3225,'Montagu',1808),('Montacuta tenella ',375,3226,'Lovén',1846),('Tellimya ferruginosa ',375,3227,'Montagu',1808),('Tellimya semirubra ',375,3228,'Gaglini',1992),('Mioerycina coarctata ',375,3229,'Wood S.W.',1851),('Devonia perrieri ',375,3230,'Malard',1904),('Kelliopsis jozinae ',375,3231,'Van Aartsen & Carrozza',1998),('Mysella bidentata ',375,3232,'Montagu',1803),('Mysella obliquata ',375,3233,'Chaster',1897),('Mysella ovata ',375,3234,'Jeffreys',1881),('Mysella pellucida ',375,3235,'Jeffreys',1881),('Mysella tumidula ',375,3236,'Jeffreys',1866),('Epilepton clarkiae ',375,3237,'Clark W.',1852),('Epilepton divae ',375,3238,'Van Aartsen & Carrozza',1998),('Epilepton parussetensis ',375,3239,'Giribet & Peñas',1998),('Neolepton sulcatulum ',376,3240,'Jeffreys',1859),('Arculus sykesii ',376,3241,'Chaster',1895),('Arculus sp. ',376,3242,'Giribet & Peñas',1997),('Basterotia physodes ',377,3243,'Deshayes',1848),('Cardita calyculata ',378,3244,'Linné',1758),('Glans trapezia ',378,3245,'Linné',1758),('Glans elegans ',378,3246,'Réquien',1848),('Pteromeris jozinae ',378,3247,'Van Aartsen',1984),('Pteromeris minuta ',378,3248,'Scacchi',1836),('Venericardia antiquata ',378,3249,'Linné',1758),('Crassatella planata ',379,3250,'Calcara',1840),('Astarte fusca ',380,3251,'Poli',1795),('Astarte sulcata ',380,3252,'Da Costa',1778),('Digitaria digitaria ',380,3253,'Linné',1758),('Gonilia calliglypta ',380,3254,'Dall',1903),('Goodallia macandrewi ',380,3255,'Smith',1881),('Goodallia pusilla ',380,3256,'Forbes',1844),('Goodallia triangularis ',380,3257,'Montagu',1803),('Cardium indicum ',381,3258,'Lamarck',1818),('Cardium richardi ',381,3259,'Audouin',1826),('Acanthocardia aculeata ',381,3260,'Linné',1758),('Acanthocardia deshayesii ',381,3261,'Payraudeau',1826),('Acanthocardia echinata echinata ',381,3262,'Linné',1758),('Acanthocardia echinata mucronata ',381,3263,'Poli',1795),('Acanthocardia paucicostata ',381,3264,'Sowerby G.B. II',1841),('Acanthocardia spinosa ',381,3265,'Solander',1786),('Acanthocardia tuberculata ',381,3266,'Linné',1758),('Parvicardium exiguum ',381,3267,'Gmelin',1791),('Parvicardium minimum ',381,3268,'Philippi',1836),('Parvicardium ovale ',381,3269,'Sowerby G.B. II',1840),('Parvicardium roseum ',381,3270,'Lamarck',1819),('Parvicardium scabrum ',381,3271,'Philippi',1844),('Parvicardium scriptum ',381,3272,'Bucquoy, Dautzenberg & Dollfus',1892),('Parvicardium siculum ',381,3273,'Sowerby G.B. II',1840),('Parvicardium trapezium ',381,3274,'Cecalupo & Quadri',1996),('Parvicardium vroomi ',381,3275,'Van Aaartsen, Menkhorst & Gittenberger',1984),('Plagiocardium papillosum ',381,3276,'Poli',1795),('Fulvia australis ',381,3277,'Sowerby G.B. I',1834),('Fulvia fragilis ',381,3278,'Forskål in Niebuhr',1775),('Laevicardium crassum ',381,3279,'Gmelin',1791),('Laevicardium flavum ',381,3280,'Linné',1758),('Laevicardium oblongum ',381,3281,'Gmelin',1791),('Cerastoderma edule ',381,3282,'Linné',1758),('Cerastoderma glaucum ',381,3283,'Poiret',1789),('Hippopus hippopus ',382,3284,'Linné',1758),('Mactra glauca ',383,3285,'Von Born',1778),('Mactra olorina ',383,3286,'Philippi',1846),('Mactra stultorum ',383,3287,'Linné',1758),('Spisula elliptica gracilis  ',383,3288,'Locard',1890),('Spisula solida ',383,3289,'Linné',1758),('Spisula subtruncata ',383,3290,'Da Costa',1778),('Lutraria angustior ',383,3291,'Philippi',1844),('Lutraria lutraria ',383,3292,'Linné',1758),('Lutraria magna ',383,3293,'Da Costa',1778),('Eastonia rugosa ',383,3294,'Helbling',1779),('Atactodea striata ',384,3295,'Gmelin',1791),('Donacilla cornea ',384,3296,'Poli',1795),('Monterosatus primus ',384,3297,'Locard',1899),('Ervilia castanea ',384,3298,'Montagu',1803),('Solen marginatus ',385,3299,'Pulteney',1799),('Pharus legumen ',386,3300,'Linné',1758),('Ensis arcuatus ',386,3301,'Jeffreys',1865),('Ensis ensis ',386,3302,'Linné',1758),('Ensis minor ',386,3303,'Chenu',1843),('Ensis siculus ',386,3304,'Van Urk',1964),('Phaxas adriaticus ',386,3305,'Coen',1933),('Phaxas pellucidus ',386,3306,'Pennant',1777),('Tellina radiata ',387,3307,'Linné',1758),('Tellina exigua ',387,3308,'Poli',1791),('Tellina tenuis ',387,3309,'Da Costa',1778),('Tellina valtonis ',387,3310,'Hanley',1844),('Tellina balaustina ',387,3311,'Linné',1758),('Tellina crassa ',387,3312,'Pennant',1777),('Tellina fabula ',387,3313,'Gmelin',1791),('Tellina incarnata ',387,3314,'Linné',1758),('Tellina donacina ',387,3315,'Linné',1758),('Tellina pygmaea ',387,3316,'Lovén',1846),('Tellina compressa ',387,3317,'Brocchi',1814),('Tellina planata ',387,3318,'Linné',1758),('Tellina nitida ',387,3319,'Poli',1791),('Tellina serrata ',387,3320,'Brocchi',1814),('Tellina distorta ',387,3321,'Poli',1791),('Tellina pulchella ',387,3322,'Lamarck',1818),('Macoma balthica ',387,3323,'Linné',1758),('Macoma cumana ',387,3324,'Costa O.G.',1829),('Macoma melo ',387,3325,'Sowerby G.B. III',1866),('Gastrana fragilis ',387,3326,'Linné',1758),('Donax semistriatus ',388,3327,'Poli',1795),('Donax venustus ',388,3328,'Poli',1795),('Donax vittatus ',388,3329,'Da Costa',1778),('Donax variegatus ',388,3330,'Gmelin',1791),('Donax trunculus ',388,3331,'Linné',1758),('Psammobia fervensis ',389,3332,'Gmelin',1791),('Psammobia weinkauffi ',389,3333,'Crosse',1864),('Psammobia depressa ',389,3334,'Pennant',1777),('Psammobia intermedia ',389,3335,'Deshayes',1854),('Psammobia costulata ',389,3336,'Turton',1822),('Psammobia tellinella ',389,3337,'Lamarck',1818),('Soletellina rubra ',389,3338,'Schroeter',1788),('Soletellina subradiata ',389,3339,'Deshayes in Reeve',1857),('Scrobicularia cottardi ',390,3340,'Payraudeau',1826),('Scrobicularia plana ',390,3341,'Da Costa',1778),('Scrobicularia rubiginosa ',390,3342,'Poli',1795),('Semele striata ',391,3343,'Reeve',1853),('Abra nitida ',391,3344,'Mueller O.F.',1776),('Abra prismatica ',391,3345,'Montagu',1808),('Abra segmentum ',391,3346,'Récluz',1843),('Abra tenuis ',391,3347,'Montagu',1803),('Abra alba ',391,3348,'Wood W.',1802),('Abra longicallus ',391,3349,'Scacchi',1834),('Abra renierii ',391,3350,'Bronn',1831),('Theora lubrica ',391,3351,'Gould',1861),('Solecurtus multistriatus ',392,3352,'Scacchi',1834),('Solecurtus scopula ',392,3353,'Turton',1822),('Solecurtus strigilatus ',392,3354,'Linné',1758),('Azorinus chamasolen ',392,3355,'Da Costa',1778),('Arctica islandica ',393,3356,'Linné',1767),('Kelliella abyssicola ',394,3357,'Forbes',1844),('Trapezium oblongum ',395,3358,'Linné',1758),('Coralliophaga coralliophaga ',395,3359,'Gmelin',1791),('Coralliophaga lithophagella ',395,3360,'Lamarck',1819),('Isorropodon perplexum ',395,3361,'Sturany',1896),('Glossus humanus ',396,3362,'Linné',1758),('Venus verrucosa ',397,3363,'Linné',1758),('Venus casina ',397,3364,'Linné',1758),('Venus lamellaris ',397,3365,'Schumacher',1817),('Venus nux ',397,3366,'Gmelin',1791),('Venus punctigera ',397,3367,'Dautzenberg & Fischer H.',1906),('Venus roemeriana ',397,3368,'Issel',1869),('Globivenus effossa ',397,3369,'Philippi',1836),('Chamelea gallina ',397,3370,'Linné',1758),('Chamelea striatula ',397,3371,'Da Costa',1778),('Clausinella brongniartii ',397,3372,'Payraudeau',1826),('Clausinella fasciata ',397,3373,'Da Costa',1778),('Timoclea ovata ',397,3374,'Pennant',1777),('Gafrarium callipygum ',397,3375,'Von Born',1778),('Gafrarium pectinatum ',397,3376,'Linné',1758),('Gouldia minima ',397,3377,'Montagu',1803),('Clementia papyracea ',397,3378,'Gmelin',1791),('Dosinia lupinus ',397,3379,'Linné',1758),('Dosinia exoleta ',397,3380,'Linné',1758),('Pitar rudis ',397,3381,'Poli',1795),('Callista chione ',397,3382,'Linné',1758),('Tapes decussatus ',397,3383,'Linné',1758),('Tapes philippinarum ',397,3384,'Adams & Reeve',1850),('Irus irus ',397,3385,'Linné',1758),('Paphia textilis ',397,3386,'Gmelin',1791),('Paphia undulata ',397,3387,'Von Born',1778),('Paphia aurea ',397,3388,'Gmelin',1791),('Paphia lucens ',397,3389,'Locard',1886),('Paphia rhomboides ',397,3390,'Pennant',1777),('Venerupis senegalensis ',397,3391,'Gmelin',1791),('Turtonia minuta ',398,3392,'Fabricius O.',1780),('Petricola lithophaga ',399,3393,'Retzius',1786),('Petricola pholadiformis ',399,3394,'Lamarck',1818),('Petricola lajonkairii ',399,3395,'Payraudeau',1826),('Petricola substriata ',399,3396,'Montagu',1808),('Mysia undata ',399,3397,'Pennant',1777),('Mya arenaria ',400,3398,'Linné',1758),('Sphenia binghami ',400,3399,'Turton',1822),('Sphenia rueppellii ',400,3400,'Adams A.',1850),('Corbula gibba ',401,3401,'Olivi',1792),('Lentidium mediterraneum ',401,3402,'Costa O.G.',1839),('Gastrochaena conchyliophila ',402,3403,'Pallary',1900),('Gastrochaena cymbium ',402,3404,'Spengler',1783),('Gastrochaena dubia ',402,3405,'Pennant',1777),('Hiatella arctica ',403,3406,'Linné',1767),('Hiatella rugosa ',403,3407,'Linné',1767),('Panopea glycimeris ',403,3408,'Von Born',1778),('Panomya norvegica ',403,3409,'Spengler',1793),('Saxicavella angulata ',403,3410,'Wood',1857),('Saxicavella jeffreysi ',403,3411,'Winckworth',1930),('Pholas callosa ',404,3412,'Cuvier',1817),('Pholas dactylus ',404,3413,'Linné',1758),('Barnea candida ',404,3414,'Linné',1758),('Barnea parva ',404,3415,'Pennant',1777),('Martesia striata ',404,3416,'Linné',1758),('Pholadidea loscombiana ',404,3417,'Goodall in Turton',1819),('Teredo bartschi ',405,3418,'Clapp',1923),('Teredo navalis ',405,3419,'Linné',1758),('Teredo utriculus ',405,3420,'Gmelin',1791),('Lyrodus pedicellatus ',405,3421,'Quatrefages',1849),('Psiloteredo megotara ',405,3422,'Hanley in Forbes & Hanley',1848),('Psiloteredo senegalensis ',405,3423,'Blainville',1824),('Teredora malleolus ',405,3424,'Turton',1822),('Bankia carinata ',405,3425,'Gray J.E.',1827),('Bankia bipennata ',405,3426,'Turton',1819),('Nototeredo norvegica ',405,3427,'Spengler',1792),('Xylophaga dorsalis ',406,3428,'Turton',1819),('Xylophaga praestans ',406,3429,'Smith E.A.',1885),('Pholadomya loveni ',407,3430,'Jeffreys',1882),('Thracia convexa ',408,3431,'Wood W.',1815),('Thracia corbuloides ',408,3432,'Deshayes',1830),('Thracia gracilis ',408,3433,'Jeffreys',1865),('Thracia papyracea ',408,3434,'Poli',1791),('Thracia pubescens ',408,3435,'Pulteney',1799),('Thracia villosiuscula ',408,3436,'Mac Gillivray',1827),('Thracia distorta ',408,3437,'Montagu',1803),('Laternula anatina ',409,3438,'Linné',1758),('Cochlodesma praetenue ',410,3439,'Pulteney',1799),('Cochlodesma tenerum ',410,3440,'Fischer P.',1882),('Clavagella balanorum ',411,3441,'Scacchi',1841),('Clavagella melitensis ',411,3442,'Broderip',1835),('Clavagella aperta ',411,3443,'Sowerby G.B. I',1823),('Pandora inaequivalvis ',412,3444,'Linné',1758),('Pandora pinna ',412,3445,'Montagu',1803),('Lyonsia formosa ',413,3446,'Jeffreys',1882),('Lyonsia norwegica ',413,3447,'Gmelin',1791),('Poromya granulata ',414,3448,'Nyst & Westendorp',1839),('Poromya neaeroides ',414,3449,'Seguenza G.',1877),('Verticordia acuticostata ',415,3450,'Philippi',1844),('Verticordia quadrata ',415,3451,'Smith',1885),('Verticordia trapezoidea ',415,3452,'Seguenza G.',1876),('Verticordia granulata ',415,3453,'Seguenza G.',1860),('Halicardia ferruginea ',415,3454,'Di Geronimo',1974),('Haliris berenicensis ',415,3455,'Sturany',1896),('Laevicordia gemma ',415,3456,'Verrill',1880),('Lyonsiella compressa ',415,3457,'Locard',1898),('Cuspidaria cuspidata ',416,3458,'Olivi',1792),('Cuspidaria depressa ',416,3459,'Jeffreys',1882),('Cuspidaria elliptica ',416,3460,'Di Geronimo',1974),('Cuspidaria jugosa ',416,3461,'Wood S.',1856),('Cuspidaria obesa ',416,3462,'Lovén',1846),('Cuspidaria rostrata ',416,3463,'Spengler',1793),('Cuspidaria abbreviata ',416,3464,'Forbes',1843),('Cardiomya costellata ',416,3465,'Deshayes',1835),('Antalis agilis ',417,3466,'Sars M. in Sars G.O.',1872),('Antalis dentalis ',417,3467,'Linné',1758),('Antalis entalis ',417,3468,'Linné',1758),('Antalis inaequicostatum ',417,3469,'Dautzenberg',1891),('Antalis panormum ',417,3470,'Chenu',1842),('Antalis rossati ',417,3471,'Caprotti',1966),('Antalis vulgare ',417,3472,'Da Costa',1778),('Antalis sp. ',417,3473,'Mifsud & Ovalis',2003),('Episiphon filum ',418,3474,'Sowerby G.B. II',1860),('Episiphon rubescens ',418,3475,'Deshayes',1826),('Entalina tetragona ',419,3476,'Brocchi',1814),('Pulsellum lofotense ',420,3477,'Sars M.',1865),('Dischides politus ',421,3478,'Wood S.',1842),('Cadulus ovulum ',421,3479,'Philippi',1844),('Cadulus jeffreysii ',421,3480,'Monterosato',1875),('Cadulus subfusiformis ',421,3481,'Sars M.',1865),('Lepidopleurus cajetanus ',422,3482,'Poli',1791),('Lepidopleurus algesirensis ',422,3483,'Capellini',1859),('Lepidopleurus asellus ',422,3484,'Gmelin',1791),('Lepidopleurus bedullii ',422,3485,'Dell\'Angelo & Palazzi',1986),('Lepidopleurus cancellatus ',422,3486,'Sowerby G.B.II',1840),('Lepidopleurus cimicoides ',422,3487,'Monterosato',1879),('Lepidopleurus geronensis ',422,3488,'Kaas & Van Belle',1985),('Lepidopleurus scabridus ',422,3489,'Jeffreys',1880),('Lepidopleurus xanthus ',422,3490,'Kaas & Van Belle',1990),('Lepidopleurus africanus ',422,3491,'Nierstrasz',1906),('Hanleya hanleyi ',423,3492,'Bean in Thorpe',1844),('Bathychiton biondii ',424,3493,'Dell\'Angelo & Palazzi',1988),('Ischnochiton dolii ',425,3494,'Van Belle & Dell\'Angelo',1998),('Ischnochiton rissoi ',425,3495,'Payraudeau',1826),('Ischnochiton usticensis ',425,3496,'Dell\'Angelo & Castriota',1999),('Ischnochiton vanbellei ',425,3497,'Kaas',1985),('Callistochiton pachylasmae ',426,3498,'Monterosato',1979),('Callochiton calcatus ',427,3499,'Dell\'Angelo & Palazzi',1994),('Callochiton septemvalvis ',427,3500,'Montagu',1803),('Lepidochitona canariensis ',428,3501,'Thiele',1909),('Lepidochitona caprearum ',428,3502,'Scacchi',1836),('Lepidochitona cinerea ',428,3503,'Linné',1767),('Lepidochitona furtiva ',428,3504,'Monterosato',1879),('Lepidochitona monterosatoi ',428,3505,'Kaas & Van Belle',1981),('Chaetopleura angulata ',429,3506,'Spengler',1797),('Chiton corallinus ',430,3507,'Risso',1826),('Chiton olivaceus ',430,3508,'Spengler',1797),('Chiton phaseolinus ',430,3509,'Monterosato',1879),('Chiton hululensis ',430,3510,'Smith E.A. in Gardiner',1903),('Acanthochitona crinita crinita ',431,3511,'Pennant',1777),('Acanthochitona crinita oblonga ',431,3512,'Leloup',1981),('Acanthochitona fascicularis ',431,3513,'Linné',1767),('Spirula spirula ',432,3514,'Linné',1758),('Sepia elegans ',433,3515,'Blainville',1827),('Sepia officinalis ',433,3516,'Linné',1758),('Sepia orbygnyana ',433,3517,'Férussac',1826),('Loligo forbesii ',434,3518,'Steenstrup',1856),('Loligo vulgaris ',434,3519,'Lamarck',1798),('Todarus sagittatus ',435,3520,'Steenstrup',1856),('Argonauta argo ',436,3521,'Linné',1758),('Neopilina zografi ',437,3522,'Dautzenberg & Fischer P.',1896),('Diodora demartiniorum ',236,3523,'Buzzurro & Russo',2004),('Dasyskenea suavis ',241,3524,'Fasulo & Cretella',2003),('Alvania arguta ',258,3525,'Caziot & Locard',1900),('Petalopoma elisabettae ',275,3526,'Schiaparelli',2002),('Cerithiopsis annae ',292,3527,'Cecalupo & Buzzurro',2005),('Mathilda barbadensis ',319,3528,'Dall',1889),('Retusa desgenetti ',326,3529,'Audouin',1826),('Septifer forskali ',357,3530,'Dunker',1855),('Semipallium coruscans coruscans ',361,3531,'Hinds',1845);
/*!40000 ALTER TABLE `specie` ENABLE KEYS */;
UNLOCK TABLES;
/*!40103 SET TIME_ZONE=@OLD_TIME_ZONE */;

/*!40101 SET SQL_MODE=@OLD_SQL_MODE */;
/*!40014 SET FOREIGN_KEY_CHECKS=@OLD_FOREIGN_KEY_CHECKS */;
/*!40014 SET UNIQUE_CHECKS=@OLD_UNIQUE_CHECKS */;
/*!40101 SET CHARACTER_SET_CLIENT=@OLD_CHARACTER_SET_CLIENT */;
/*!40101 SET CHARACTER_SET_RESULTS=@OLD_CHARACTER_SET_RESULTS */;
/*!40101 SET COLLATION_CONNECTION=@OLD_COLLATION_CONNECTION */;
/*!40111 SET SQL_NOTES=@OLD_SQL_NOTES */;

-- Dump completed on 2021-02-10  0:25:42
